use fincaCacao;

insert into finca (nombre, ancho, largo, unidad_de_medida, pais, ciudad, pueblo, telefono, correo_electronico, direccion, tipo_propiedad, descripcion)
values 
('Finca El Cacao', 500.00, 700.00, 'metros', 'Ecuador', 'Quito', 'Puembo', '0987654321', 'fincaec@example.com', 'Km 22 vía Puembo', 'Propiedad privada', 'Finca dedicada al cultivo de cacao para la producción de subproductos como manteca, harina, cacao en polvo y aceite');


insert into cultivo (id_finca, nombre, ancho, largo, unidad_de_medida, cantidad_de_plantas, fecha_siembra, produccion_anual, edad_del_cultivo, nombre_cientifico)
values
(1, 'Cultivo de cacao', 150.00, 200.00, 'metros', 5000.00, '2020-05-15', 2500.00, 4, 'Theobroma cacao');

insert into clientes(nombre1, nombre2, apellido1, apellido2, cedula, direccion, telefono, pais, ciudad, pueblo, fecha_registro)
values ('Juan', 'Carlos', 'Pérez', 'García', '123456789', 'Calle 10 #25-30', '3201234567', 'Colombia', 'Bogotá', 'Chapinero', '2024-01-15'),
('María', 'Fernanda', 'López', 'Martínez', '987654321', 'Av. Principal 45', '3107654321', 'México', 'Ciudad de México', 'Coyoacán', '2024-01-20'),
('Luis', 'Alberto', 'Ramírez', 'Gómez', '112233445', 'Calle 8 #12-22', '3219876543', 'Argentina', 'Buenos Aires', 'Palermo', '2024-01-25'),
('Ana', 'Sofía', 'Castro', 'Torres', '556677889', 'Carrera 50 #20-10', '3112233445', 'Chile', 'Santiago', 'Providencia', '2024-01-30'),
('Carlos', 'Eduardo', 'Rodríguez', 'Díaz', '334455667', 'Calle 15 #5-25', '3151237890', 'Perú', 'Lima', 'Miraflores', '2024-02-05'),
('Camila', 'Andrea', 'Mejía', 'Ortiz', '667788990', 'Av. Central 78', '3169876541', 'Ecuador', 'Quito', 'La Mariscal', '2024-02-10'),
('Miguel', 'Ángel', 'Navarro', 'Morales', '223344556', 'Calle 4 #3-45', '3187654321', 'España', 'Madrid', 'Chamartín', '2024-02-15'),
('Sofía', 'Isabel', 'Mendoza', 'Vega', '889900112', 'Av. Norte 12', '3141234567', 'Panamá', 'Ciudad de Panamá', 'Bella Vista', '2024-02-20'),
('José', 'Antonio', 'Romero', 'Hernández', '445566778', 'Calle 20 #15-30', '3199876543', 'Venezuela', 'Caracas', 'Chacao', '2024-02-25'),
('Laura', 'Elena', 'Pérez', 'Rojas', '001122334', 'Carrera 60 #10-20', '3176543210', 'Colombia', 'Medellín', 'El Poblado', '2024-03-01'),
('Daniel', 'Alejandro', 'Flores', 'Carrillo', '778899001', 'Av. Libertad 50', '3221239876', 'México', 'Guadalajara', 'Zapopan', '2024-03-05'),
('Valentina', 'Lucía', 'Salazar', 'Jiménez', '112244335', 'Calle 7 #18-40', '3206541234', 'Chile', 'Valparaíso', 'Viña del Mar', '2024-03-10'),
('Francisco', 'Javier', 'Ruiz', 'Castillo', '556677889', 'Carrera 45 #30-15', '3107896543', 'Argentina', 'Rosario', 'Centro', '2024-03-15'),
('Isabella', 'Carolina', 'Gómez', 'Sánchez', '334455667', 'Av. Sur 23', '3113456789', 'Perú', 'Cusco', 'San Blas', '2024-03-20'),
('Santiago', 'Tomás', 'Duarte', 'Luna', '889900223', 'Calle Real 8', '3128765432', 'Ecuador', 'Guayaquil', 'Urdesa', '2024-03-25'),
('Fernanda', 'Natalia', 'Araya', 'Figueroa', '223344556', 'Calle 12 #4-5', '3135678901', 'España', 'Barcelona', 'Gracia', '2024-04-01'),
('Matías', 'Sebastián', 'Cortés', 'Montero', '556677990', 'Av. Oriente 67', '3147890123', 'Panamá', 'David', 'San Mateo', '2024-04-05'),
('Antonella', 'Valeria', 'Campos', 'Rivera', '778899112', 'Carrera 10 #2-30', '3156789012', 'Venezuela', 'Maracaibo', 'El Milagro', '2024-04-10'),
('Andrés', 'Felipe', 'Zapata', 'Ortiz', '445566778', 'Calle 1 #3-5', '3167890123', 'Colombia', 'Cali', 'San Fernando', '2024-04-15'),
('Luciana', 'María', 'Fuentes', 'Pérez', '889900334', 'Av. Industrial 50', '3178901234', 'México', 'Monterrey', 'San Pedro', '2024-04-20'),
('Ricardo', 'Esteban', 'Guzmán', 'Carranza', '001122445', 'Calle 40 #25-30', '3189012345', 'Chile', 'Concepción', 'Centro', '2024-04-25'),
('Mariana', 'Julieta', 'Pacheco', 'Núñez', '112244557', 'Av. Norte 30', '3190123456', 'Argentina', 'Córdoba', 'Nueva Córdoba', '2024-05-01'),
('Diego', 'Iván', 'Villanueva', 'Bustos', '556677112', 'Calle 5 #15-20', '3201234567', 'Perú', 'Arequipa', 'Cayma', '2024-05-05'),
('Martina', 'Alejandra', 'Rivas', 'Cabrera', '778899223', 'Carrera 30 #20-10', '3212345678', 'Ecuador', 'Cuenca', 'El Centro', '2024-05-10'),
('Javier', 'Miguel', 'Herrera', 'Soto', '334455778', 'Calle 18 #12-22', '3223456789', 'España', 'Valencia', 'Ciutat Vella', '2024-05-15'),
('Victoria', 'Renata', 'Moreno', 'Vargas', '889900445', 'Av. Principal 15', '3104567890', 'Panamá', 'Colón', 'Cristóbal', '2024-05-20'),
('Ángel', 'Gabriel', 'Vera', 'López', '223344667', 'Calle 25 #5-15', '3115678901', 'Venezuela', 'Valencia', 'San Diego', '2024-05-25'),
('Paula', 'Andrea', 'Delgado', 'Castro', '556677223', 'Av. Central 45', '3126789012', 'Colombia', 'Barranquilla', 'Riomar', '2024-06-01'),
('Emilio', 'Raúl', 'Benítez', 'Silva', '445566889', 'Calle 3 #18-20', '3137890123', 'México', 'Puebla', 'San Andrés', '2024-06-05'),
('Alejandra', 'Lucía', 'Ortiz', 'García', '112244668', 'Carrera 20 #15-40', '3148901234', 'Chile', 'Antofagasta', 'Centro', '2024-06-10'),
('Felipe', 'Ignacio', 'Carrillo', 'Muñoz', '778899334', 'Av. Oriente 75', '3159012345', 'Argentina', 'Mendoza', 'Ciudad', '2024-06-15'),
('Daniela', 'Isabela', 'Mora', 'Ruiz', '223344778', 'Calle 50 #25-30', '3160123456', 'Perú', 'Trujillo', 'Centro', '2024-06-20'),
('Tomás', 'Hernán', 'Salinas', 'Gómez', '445566990', 'Calle 15 #10-25', '3171234567', 'Ecuador', 'Machala', 'Sur', '2024-06-25');

insert into metodo_pago (tipo, fecha_pago) values
('Tarjeta de crédito', '2024-01-15'),
('Tarjeta de débito', '2024-01-16'),
('Efectivo', '2024-01-17'),
('Transferencia bancaria', '2024-01-18'),
('PayPal', '2024-01-19'),
('Crédito empresarial', '2024-01-20'),
('Tarjeta de crédito', '2024-01-21'),
('Efectivo', '2024-01-22'),
('Transferencia bancaria', '2024-01-23'),
('Tarjeta de débito', '2024-01-24'),
('PayPal', '2024-01-25'),
('Tarjeta de crédito', '2024-01-26'),
('Crédito empresarial', '2024-01-27'),
('Efectivo', '2024-01-28'),
('Transferencia bancaria', '2024-01-29'),
('Tarjeta de débito', '2024-01-30'),
('PayPal', '2024-01-31'),
('Crédito empresarial', '2024-02-01'),
('Tarjeta de crédito', '2024-02-02'),
('Efectivo', '2024-02-03'),
('Transferencia bancaria', '2024-02-04'),
('PayPal', '2024-02-05'),
('Tarjeta de débito', '2024-02-06'),
('Crédito empresarial', '2024-02-07'),
('Efectivo', '2024-02-08'),
('Tarjeta de crédito', '2024-02-09'),
('Transferencia bancaria', '2024-02-10'),
('PayPal', '2024-02-11'),
('Crédito empresarial', '2024-02-12'),
('Efectivo', '2024-02-13'),
('Tarjeta de débito', '2024-02-14'),
('Transferencia bancaria', '2024-02-15'),
('Tarjeta de crédito', '2024-02-16'),
('PayPal', '2024-02-17'),
('Efectivo', '2024-02-18'),
('Crédito empresarial', '2024-02-19'),
('Tarjeta de débito', '2024-02-20'),
('Transferencia bancaria', '2024-02-21'),
('PayPal', '2024-02-22'),
('Efectivo', '2024-02-23'),
('Tarjeta de crédito', '2024-02-24'),
('Crédito empresarial', '2024-02-25'),
('Transferencia bancaria', '2024-02-26'),
('Tarjeta de débito', '2024-02-27'),
('PayPal', '2024-02-28'),
('Efectivo', '2024-02-29'),
('Crédito empresarial', '2024-03-01'),
('Tarjeta de crédito', '2024-03-02'),
('Transferencia bancaria', '2024-03-03'),
('PayPal', '2024-03-04');

insert into maquinaria (tipo, descripcion, tipo_combustible, categoria, estado) values
('Trituradora', 'Tritura cáscaras de cacao', 'Eléctrico', 'Procesamiento', 'Operativa'),
('Prensa hidráulica', 'Extrae manteca de cacao', 'Eléctrico', 'Procesamiento', 'Operativa'),
('Tostadora', 'Tuesta granos de cacao', 'Gas', 'Procesamiento', 'Operativa'),
('Molino', 'Muele granos para harina', 'Eléctrico', 'Procesamiento', 'Operativa'),
('Separador', 'Separa cáscaras y granos', 'Manual', 'Clasificación', 'Operativa'),
('Extractor de aceite', 'Extrae aceite de cacao', 'Eléctrico', 'Procesamiento', 'Operativa'),
('Mezcladora', 'Mezcla subproductos', 'Eléctrico', 'Procesamiento', 'Operativa'),
('Compactadora', 'Compacta abono orgánico', 'Diesel', 'Procesamiento', 'Operativa'),
('Esterilizador', 'Esteriliza productos', 'Eléctrico', 'Procesamiento', 'Operativa'),
('Transportador', 'Transporta granos', 'Eléctrico', 'Logística', 'Operativa'),
('Caldera', 'Genera vapor para procesos', 'Diesel', 'Procesamiento', 'Operativa'),
('Cernidor', 'Cierne cacao en polvo', 'Manual', 'Procesamiento', 'Operativa'),
('Pulverizador', 'Pulveriza para cacao en polvo', 'Eléctrico', 'Procesamiento', 'Operativa'),
('Envasadora', 'Envasa subproductos', 'Eléctrico', 'Logística', 'Operativa'),
('Peladora', 'Pela granos de cacao', 'Eléctrico', 'Procesamiento', 'Operativa'),
('Trituradora', 'Tritura granos', 'Eléctrico', 'Procesamiento', 'En mantenimiento'),
('Secadora', 'Seca cáscaras y granos', 'Gas', 'Procesamiento', 'Operativa'),
('Criba', 'Clasifica granos por tamaño', 'Manual', 'Clasificación', 'Operativa'),
('Homogeneizadora', 'Homogeneiza productos', 'Eléctrico', 'Procesamiento', 'Operativa'),
('Generador', 'Provee energía', 'Diesel', 'Infraestructura', 'Operativa'),
('Tanque de almacenamiento', 'Almacena subproductos', 'N/A', 'Infraestructura', 'Operativa'),
('Molino', 'Muele cáscaras para abono', 'Eléctrico', 'Procesamiento', 'Operativa'),
('Prensa de briquetas', 'Compacta abono en briquetas', 'Eléctrico', 'Procesamiento', 'Operativa'),
('Deshidratador', 'Deshidrata cáscaras', 'Eléctrico', 'Procesamiento', 'Operativa'),
('Trituradora', 'Tritura residuos sólidos', 'Eléctrico', 'Procesamiento', 'Operativa'),
('Tostadora', 'Tuesta residuos para compostaje', 'Gas', 'Procesamiento', 'Operativa'),
('Tamizadora', 'Clasifica cacao en polvo', 'Manual', 'Procesamiento', 'Operativa'),
('Compresor', 'Genera aire comprimido', 'Eléctrico', 'Infraestructura', 'Operativa'),
('Cortadora', 'Corta cáscaras de cacao', 'Manual', 'Procesamiento', 'Operativa'),
('Autoclave', 'Esteriliza maquinaria', 'Eléctrico', 'Infraestructura', 'Operativa'),
('Lijadora', 'Pulido de superficies', 'Eléctrico', 'Mantenimiento', 'Operativa'),
('Fumigadora', 'Controla plagas en maquinaria', 'Gasolina', 'Mantenimiento', 'Operativa'),
('Transpaleta', 'Moviliza productos', 'Manual', 'Logística', 'Operativa'),
('Prensa industrial', 'Prensado de subproductos', 'Diesel', 'Procesamiento', 'En mantenimiento'),
('Sistema de refrigeración', 'Enfría productos', 'Eléctrico', 'Procesamiento', 'Operativa'),
('Envolvedora', 'Envuelve subproductos', 'Eléctrico', 'Logística', 'Operativa'),
('Silo', 'Almacenamiento de granos', 'N/A', 'Infraestructura', 'Operativa'),
('Carretilla elevadora', 'Carga y descarga materiales', 'Diesel', 'Logística', 'Operativa'),
('Detector de metales', 'Detecta impurezas', 'Eléctrico', 'Calidad', 'Operativa'),
('Cilindro prensador', 'Prensa manteca de cacao', 'Manual', 'Procesamiento', 'Operativa'),
('Desgrasadora', 'Reduce grasa de cacao', 'Eléctrico', 'Procesamiento', 'Operativa'),
('Turbina de aire', 'Ventila áreas de producción', 'Eléctrico', 'Infraestructura', 'Operativa'),
('Trituradora', 'Procesa abono orgánico', 'Diesel', 'Procesamiento', 'Operativa'),
('Sistema de riego', 'Irriga cultivos de cacao', 'Gasolina', 'Agrícola', 'Operativa'),
('Barredora', 'Limpieza de áreas de trabajo', 'Eléctrico', 'Mantenimiento', 'Operativa'),
('Cámara de fermentación', 'Fermenta granos de cacao', 'Eléctrico', 'Procesamiento', 'Operativa'),
('Elevador', 'Transporta productos', 'Eléctrico', 'Logística', 'Operativa'),
('Sistema de pesaje', 'Pesa subproductos', 'Eléctrico', 'Calidad', 'Operativa'),
('Compactadora', 'Compacta residuos', 'Diesel', 'Procesamiento', 'Operativa'),
('Mezcladora industrial', 'Mezcla grandes volúmenes', 'Eléctrico', 'Procesamiento', 'Operativa');


insert into areas_finca (nombre, descripcion, id_finca) values
-- Manteca de cacao
('Zona de fermentación', 'Espacio para fermentar los granos de cacao antes del procesamiento', 1),
('Zona de secado', 'Área para secar los granos después de la fermentación', 1),
('Planta de prensado', 'Espacio para extraer manteca de cacao usando prensas hidráulicas', 1),

-- Harina de cacao
('Zona de molienda', 'Área para moler los granos de cacao y obtener harina', 1),
('Zona de tamizado', 'Espacio para tamizar la harina y eliminar impurezas', 1),

-- Cacao en polvo
('Zona de pulverización', 'Área para pulverizar el cacao y convertirlo en polvo fino', 1),
('Zona de envasado de polvo', 'Espacio para envasar el cacao en polvo en diferentes presentaciones', 1),

-- Aceite de cacao
('Zona de extracción de aceite', 'Lugar donde se extrae el aceite de cacao de los granos prensados', 1),
('Zona de filtrado', 'Espacio para filtrar el aceite y eliminar residuos sólidos', 1),
('Zona de envasado de aceite', 'Área para envasar el aceite de cacao en recipientes', 1),

-- Abono a partir de cáscaras
('Zona de compostaje', 'Espacio para transformar las cáscaras de cacao en abono orgánico', 1),
('Zona de trituración', 'Lugar para triturar las cáscaras antes del compostaje', 1),
('Zona de secado de compost', 'Área para secar el abono orgánico antes de su uso o venta', 1),

-- Generales para logística y apoyo
('Zona de almacenamiento', 'Espacio para almacenar materia prima y subproductos', 1),
('Laboratorio de calidad', 'Área para garantizar la calidad de los productos y subproductos', 1),
('Zona logística', 'Espacio para manejar la distribución de los productos terminados', 1),
('Oficina administrativa', 'Lugar para la gestión y administración de la finca', 1);


insert into proveedores (nombre1, nombre2, apellido1, apellido2, cedula, direccion, telefono, correo_electronico, fecha_de_registro, pais, ciudad, pueblo) values
('Carlos', 'Alberto', 'Gomez', 'Pérez', '0102030405', 'Av. Principal 123', '0998765432', 'carlosg@example.com', '2023-01-15', 'Ecuador', 'Quito', 'Puembo'),
('Maria', 'Fernanda', 'Lopez', 'Martínez', '0102030406', 'Calle 10 456', '0987654321', 'maria@example.com', '2022-03-20', 'Ecuador', 'Guayaquil', 'Durán'),
('José', 'Antonio', 'Ramirez', 'Sánchez', '0102030407', 'Calle de la Paz 789', '0988776655', 'jose@example.com', '2023-04-25', 'Ecuador', 'Cuenca', 'Chanchán'),
('Ana', 'Isabel', 'Martínez', 'Rodríguez', '0102030408', 'Calle Bolívar 555', '0976543210', 'ana.martinez@example.com', '2023-02-10', 'Ecuador', 'Loja', 'Catamayo'),
('Luis', 'Miguel', 'Fernández', 'González', '0102030409', 'Avenida Los Andes 999', '0965432100', 'luis.fernandez@example.com', '2023-01-05', 'Ecuador', 'Ambato', 'Pillaro'),
('Carlos', 'Eduardo', 'Mendoza', 'Ruiz', '0102030410', 'Calle Olmedo 111', '0954321098', 'carlos.mendoza@example.com', '2023-06-17', 'Ecuador', 'Manta', 'Jaramijó'),
('María', 'José', 'González', 'Cruz', '0102030411', 'Av. Colón 1234', '0959876543', 'maria.gonzalez@example.com', '2023-07-30', 'Ecuador', 'Esmeraldas', 'Atacames'),
('Antonio', 'José', 'Ramírez', 'García', '0102030412', 'Calle Quito 5678', '0943218765', 'antonio.ramirez@example.com', '2023-05-05', 'Ecuador', 'Ambato', 'Mocha'),
('Susana', 'Elena', 'Díaz', 'Molina', '0102030413', 'Av. Las Aguas 123', '0998765432', 'susana.diaz@example.com', '2023-08-15', 'Ecuador', 'Quito', 'Guamaní'),
('Julio', 'Fabián', 'Ríos', 'Vera', '0102030414', 'Calle Los Olivos 888', '0987654321', 'julio.rios@example.com', '2023-03-28', 'Ecuador', 'Ambato', 'Salasaka'),
('Carlos', 'Eduardo', 'Torres', 'Jiménez', '0102030415', 'Av. Villamil 123', '0998765433', 'carlos.torres@example.com', '2023-04-01', 'Ecuador', 'Guayaquil', 'Samborondón'),
('Isabel', 'Andrea', 'Ramírez', 'Paredes', '0102030416', 'Calle Colón 789', '0978765432', 'isabel.ramirez@example.com', '2023-09-20', 'Ecuador', 'Quito', 'Carcelén'),
('Carlos', 'Javier', 'López', 'Romero', '0102030417', 'Calle Rodríguez 1234', '0955432101', 'carlos.lopez@example.com', '2023-10-10', 'Ecuador', 'Loja', 'Loja'),
('Claudia', 'Patricia', 'Gutiérrez', 'Fernández', '0102030418', 'Av. Simón Bolívar 765', '0987654322', 'claudia.gutierrez@example.com', '2023-07-25', 'Ecuador', 'Quito', 'Iñaquito'),
('José', 'Luis', 'Navarro', 'Santos', '0102030419', 'Calle Rumiñahui 564', '0965432102', 'jose.navarro@example.com', '2023-11-30', 'Ecuador', 'Riobamba', 'Chanchán'),
('Carlos', 'Luis', 'Martínez', 'Vásquez', '0102030420', 'Calle Los Andes 222', '0954321097', 'carlos.martinez@example.com', '2023-06-22', 'Ecuador', 'Quito', 'La Carolina'),
('Mónica', 'Esther', 'Vera', 'Hernández', '0102030421', 'Av. Las Palmas 876', '0998765431', 'monica.vera@example.com', '2023-08-01', 'Ecuador', 'Guayaquil', 'Alborada'),
('Esteban', 'Félix', 'Álvarez', 'Ruiz', '0102030422', 'Calle Murillo 432', '0976543215', 'esteban.alvarez@example.com', '2023-04-15', 'Ecuador', 'Ambato', 'Totorillas'),
('Ricardo', 'Alberto', 'Serrano', 'González', '0102030423', 'Calle Los Cedros 654', '0959876542', 'ricardo.serrano@example.com', '2023-05-25', 'Ecuador', 'Loja', 'Vilcabamba'),
('Lucía', 'Isabel', 'Ramírez', 'Hurtado', '0102030424', 'Calle San Martín 223', '0965432103', 'lucia.ramirez@example.com', '2023-03-10', 'Ecuador', 'Quito', 'El Valle'),
('Patricia', 'María', 'González', 'Pérez', '0102030425', 'Av. 24 de Mayo 567', '0987654325', 'patricia.gonzalez@example.com', '2023-09-15', 'Ecuador', 'Cuenca', 'Paute'),
('Eduardo', 'José', 'Fuentes', 'Bravo', '0102030426', 'Calle Rómulo 333', '0978765433', 'eduardo.fuentes@example.com', '2023-07-05', 'Ecuador', 'Manta', 'Montecristi'),
('Alicia', 'Violeta', 'Vásquez', 'Paredes', '0102030427', 'Calle Jaramijó 123', '0985432100', 'alicia.vasquez@example.com', '2023-10-15', 'Ecuador', 'Ambato', 'Cevallos'),
('Sergio', 'Antonio', 'Valencia', 'Orozco', '0102030428', 'Calle Guaranda 654', '0954321096', 'sergio.valencia@example.com', '2023-06-02', 'Ecuador', 'Loja', 'Chaguarpamba'),
('Gabriela', 'María', 'Luna', 'Martínez', '0102030429', 'Av. 9 de Octubre 789', '0965432104', 'gabriela.luna@example.com', '2023-05-30', 'Ecuador', 'Guayaquil', 'La Puntilla'),
('Marcos', 'Antonio', 'Sánchez', 'González', '0102030430', 'Calle Foch 432', '0959876544', 'marcos.sanchez@example.com', '2023-04-20', 'Ecuador', 'Quito', 'Pomasqui'),
('Verónica', 'Lucía', 'Mendoza', 'Quintero', '0102030431', 'Calle Ballén 123', '0976543217', 'veronica.mendoza@example.com', '2023-08-12', 'Ecuador', 'Ambato', 'Pasa'),
('Raúl', 'Alejandro', 'Torres', 'Castillo', '0102030432', 'Av. El Comercio 876', '0954321095', 'raul.torres@example.com', '2023-02-14', 'Ecuador', 'Quito', 'Cumbayá'),
('Natalia', 'Elena', 'Morales', 'Suárez', '0102030433', 'Calle Nueve 555', '0998765430', 'natalia.morales@example.com', '2023-09-10', 'Ecuador', 'Cuenca', 'Nabon'),
('Pedro', 'José', 'Arias', 'Ríos', '0102030434', 'Calle Central 456', '0979876543', 'pedro.arias@example.com', '2023-03-25', 'Ecuador', 'Guayaquil', 'Bastión'),
('Cristina', 'Fernanda', 'Ramírez', 'Palacios', '0102030435', 'Av. Río 321', '0954321094', 'cristina.ramirez@example.com', '2023-05-10', 'Ecuador', 'Loja', 'Malacatos'),
('Roberto', 'Luis', 'Rodríguez', 'Crespo', '0102030436', 'Calle Pérez 432', '0965432105', 'roberto.rodriguez@example.com', '2023-01-01', 'Ecuador', 'Ambato', 'Quisapincha'),
('María', 'Patricia', 'Reyes', 'Guerra', '0102030437', 'Calle Sol 999', '0987654327', 'maria.reyes@example.com', '2023-04-05', 'Ecuador', 'Quito', 'Guayllabamba'),
('Juan', 'Carlos', 'Pérez', 'Jiménez', '0102030438', 'Av. La Mar 124', '0976543218', 'juan.perez@example.com', '2023-06-01', 'Ecuador', 'Guayaquil', 'La Pradera'),
('Laura', 'Beatriz', 'Figueroa', 'Sierra', '0102030439', 'Calle Ramírez 567', '0959876545', 'laura.figueroa@example.com', '2023-10-02', 'Ecuador', 'Loja', 'El Totorillo'),
('Manuel', 'Antonio', 'García', 'Jiménez', '0102030440', 'Calle La Paz 789', '0976543219', 'manuel.garcia@example.com', '2023-07-30', 'Ecuador', 'Quito', 'San Antonio');



insert into compras (nombre_producto, cantidad, costo, fecha_compra, estado, deuda, id_finca) values
('Fungicida Orgánico', 20, 5000, '2024-01-10', 'Pagado', 0, 1),
('Insecticida de Amplio Espectro', 15, 7500, '2024-01-15', 'Pagado', 0, 1),
('Herbicida Selectivo', 10, 3200, '2024-02-05', 'Pendiente', 1500, 1),
('Fertilizante NPK', 25, 8700, '2024-02-20', 'Pagado', 0, 1),
('Fertilizante Orgánico Líquido', 30, 9500, '2024-03-05', 'Pagado', 0, 1),
('Fertilizante Foliar', 50, 4000, '2024-03-15', 'Pagado', 0, 1),
('Fungicida Sistémico', 10, 5400, '2024-04-01', 'Pendiente', 2000, 1),
('Pesticida Biológico', 20, 6200, '2024-04-20', 'Pagado', 0, 1),
('Acaricida Concentrado', 15, 3800, '2024-05-05', 'Pagado', 0, 1),
('Abono Orgánico', 40, 12000, '2024-05-25', 'Pagado', 0, 1),
('Fungicida Preventivo', 25, 6500, '2024-06-10', 'Pendiente', 2500, 1),
('Fertilizante Urea', 20, 8000, '2024-06-25', 'Pagado', 0, 1),
('Insecticida Biológico', 15, 4700, '2024-07-05', 'Pagado', 0, 1),
('Fertilizante Potásico', 30, 8700, '2024-07-20', 'Pagado', 0, 1),
('Corrector de PH', 10, 2900, '2024-08-01', 'Pagado', 0, 1),
('Bioestimulante Líquido', 20, 9200, '2024-08-10', 'Pagado', 0, 1),
('Herbicida Sistémico', 12, 4300, '2024-08-25', 'Pendiente', 1500, 1),
('Pesticida Orgánico', 18, 6100, '2024-09-05', 'Pagado', 0, 1),
('Fertilizante Complejo', 22, 8400, '2024-09-15', 'Pagado', 0, 1),
('Insecticida Sistémico', 30, 12000, '2024-09-25', 'Pagado', 0, 1),
('Fertilizante Microelementos', 20, 5400, '2024-10-05', 'Pendiente', 2000, 1),
('Fungicida Cobre', 10, 4600, '2024-10-15', 'Pagado', 0, 1),
('Abono Mineral', 25, 7300, '2024-10-25', 'Pagado', 0, 1),
('Corrector de Deficiencias', 18, 6200, '2024-11-05', 'Pendiente', 1500, 1),
('Fertilizante Nitrógeno', 15, 4900, '2024-11-15', 'Pagado', 0, 1),
('Herbicida de Contacto', 12, 3200, '2024-11-25', 'Pagado', 0, 1),
('Inoculante Biológico', 15, 5700, '2024-12-01', 'Pagado', 0, 1),
('Fungicida Carbendazim', 20, 8500, '2024-12-10', 'Pagado', 0, 1),
('Pesticida Sistémico', 18, 6700, '2024-12-15', 'Pagado', 0, 1),
('Acaricida Orgánico', 10, 4200, '2024-12-25', 'Pendiente', 1200, 1),
('Fertilizante Completo', 25, 7800, '2025-01-05', 'Pagado', 0, 1),
('Fungicida Biológico', 30, 8900, '2025-01-15', 'Pagado', 0, 1),
('Pesticida Polivalente', 15, 5900, '2025-02-01', 'Pendiente', 2500, 1),
('Fertilizante Específico', 20, 7300, '2025-02-10', 'Pagado', 0, 1),
('Corrector de Suelo', 12, 3100, '2025-02-20', 'Pagado', 0, 1),
('Fertilizante Líquido', 25, 9200, '2025-03-01', 'Pagado', 0, 1),
('Herbicida Biológico', 18, 6400, '2025-03-10', 'Pagado', 0, 1),
('Pesticida Específico', 20, 7100, '2025-03-20', 'Pendiente', 3000, 1),
('Fertilizante con Micorrizas', 15, 4500, '2025-04-01', 'Pagado', 0, 1),
('Fungicida Orgánico Preventivo', 30, 8800, '2025-04-10', 'Pagado', 0, 1),
('Acaricida Sintético', 20, 5200, '2025-04-25', 'Pendiente', 2000, 1),
('Fertilizante Orgánico', 100, 500, '2023-01-15', 'Pendiente', 250, 1),
('Semillas de Cacao', 5000, 1500, '2023-02-20', 'Pagado', 0, 1),
('Pesticida Natural', 200, 800, '2023-03-10', 'Pendiente', 400, 1),
('Herramientas de Cultivo', 50, 1200, '2023-04-05', 'Pagado', 0, 1),
('Riego por Goteo', 100, 2000, '2023-05-12', 'Pendiente', 1000, 1),
('Pipa de Agua', 1, 300, '2023-06-01', 'Pagado', 0, 1),
('Abono Químico', 150, 700, '2023-07-18', 'Pendiente', 350, 1),
('Camas de Germinación', 20, 1500, '2023-08-22', 'Pagado', 0, 1),
('Guantes de Protección', 200, 400, '2023-09-10', 'Pendiente', 200, 1),
('Cilindros para Cacao', 50, 1200, '2023-10-01', 'Pagado', 0, 1),
('Estación Meteorológica', 1, 2000, '2023-11-15', 'Pendiente', 1000, 1),
('Cadenas para Maquinaria', 10, 500, '2023-12-10', 'Pagado', 0, 1),
('Tierra de Calidad', 300, 600, '2024-01-02', 'Pendiente', 300, 1),
('Fungicida Biológico', 100, 450, '2024-02-13', 'Pagado', 0, 1),
('Sistemas de Riego', 10, 1500, '2024-03-08', 'Pendiente', 750, 1),
('Mangueras de Riego', 200, 800, '2024-04-02', 'Pagado', 0, 1),
('Cilindros de Almacenaje', 10, 2000, '2024-05-20', 'Pendiente', 1000, 1),
('Mallas Sombreadoras', 50, 1000, '2024-06-25', 'Pagado', 0, 1),
('Tractores', 2, 25000, '2024-07-18', 'Pendiente', 5000, 1),
('Cajas de Transporte', 100, 1500, '2024-08-01', 'Pagado', 0, 1),
('Ropa de Trabajo', 150, 750, '2024-09-10', 'Pendiente', 375, 1),
('Pesticida Sistémico', 100, 1000, '2024-10-02', 'Pagado', 0, 1),
('Sistema de Compostaje', 1, 5000, '2024-11-20', 'Pendiente', 2500, 1),
('Vivero de Plantas', 2000, 1000, '2024-12-01', 'Pagado', 0, 1),
('Cama de Secado', 10, 2000, '2025-01-10', 'Pendiente', 1000, 1),
('Bancos de Germinación', 50, 1500, '2025-02-14', 'Pagado', 0, 1),
('Sistema de Filtrado de Agua', 1, 1500, '2025-03-20', 'Pendiente', 750, 1),
('Madera para Estacas', 500, 1000, '2025-04-10', 'Pagado', 0, 1),
('Mezcla de Suelo', 300, 1200, '2025-05-25', 'Pendiente', 600, 1),
('Equipo de Seguridad', 100, 500, '2025-06-02', 'Pagado', 0, 1),
('Sillas para Recolección', 20, 800, '2025-07-15', 'Pendiente', 400, 1),
('Carretillas', 10, 1500, '2025-08-18', 'Pagado', 0, 1),
('Biofertilizante', 200, 700, '2025-09-05', 'Pendiente', 350, 1),
('Cinta para Riego', 500, 1200, '2025-10-25', 'Pagado', 0, 1),
('Transporte de Cacao', 5, 3000, '2025-11-12', 'Pendiente', 1500, 1),
('Máquina de Envasado', 1, 5000, '2025-12-01', 'Pagado', 0, 1),
('Botes de Almacenaje', 50, 1000, '2026-01-15', 'Pendiente', 500, 1),
('Alquiler de Equipos', 1, 1500, '2026-02-10', 'Pagado', 0, 1),
('Semillas de Cacao Orgánico', 5000, 2000, '2026-03-05', 'Pendiente', 1000, 1),
('Fresadora para Cacao', 1, 10000, '2026-04-20', 'Pagado', 0, 1),
('Material para Empaque', 1000, 1500, '2026-05-30', 'Pendiente', 750, 1),
('Prensas de Cacao', 1, 2000, '2026-06-18', 'Pagado', 0, 1),
('Sistemas de Almacenaje', 10, 3000, '2026-07-22', 'Pendiente', 1500, 1),
('Sillas para Secado', 50, 500, '2026-08-10', 'Pagado', 0, 1),
('Cilindros para Aceite de Cacao', 10, 5000, '2026-09-05', 'Pendiente', 2500, 1),
('Básculas para Cacao', 5, 2000, '2026-10-12', 'Pagado', 0, 1),
('Máquina de Molienda', 1, 12000, '2026-11-15', 'Pendiente', 6000, 1),
('Contenedores de Almacenaje', 100, 1000, '2026-12-25', 'Pagado', 0, 1),
('Plantas de Compostaje', 3, 1500, '2027-01-10', 'Pendiente', 750, 1),
('Sacos de Almacenaje', 200, 800, '2027-02-20', 'Pagado', 0, 1),
('Cáscaras de Cacao para Compostaje', 500, 300, '2027-03-15', 'Pendiente', 150, 1),
('Molino de Cacao', 1, 15000, '2027-04-10', 'Pagado', 0, 1),
('Extractor de Aceite de Cacao', 1, 8000, '2027-05-25', 'Pendiente', 4000, 1),
('Máquina de Prensado de Cacao', 1, 12000, '2027-06-15', 'Pagado', 0, 1),
('Dispersor de Fertilizante', 1, 2000, '2027-07-20', 'Pendiente', 1000, 1),
('Aireador para Compost', 3, 1500, '2027-08-15', 'Pagado', 0, 1),
('Fresadora de Cáscaras', 1, 12000, '2027-09-10', 'Pendiente', 6000, 1),
('Cinta para Embalaje', 500, 1000, '2027-10-05', 'Pagado', 0, 1),
('Lavadora de Cacao', 1, 8000, '2027-11-25', 'Pendiente', 4000, 1),
('Sistemas de Filtración para Aceite', 1, 3000, '2027-12-15', 'Pagado', 0, 1),
('Coches de Carga', 5, 1000, '2028-01-05', 'Pendiente', 500, 1),
('Molinillo de Semillas de Cacao', 1, 6000, '2028-02-10', 'Pagado', 0, 1),
('Sistemas de Control de Temperatura', 2, 2500, '2028-03-12', 'Pendiente', 1250, 1),
('Prensa de Aceite', 1, 10000, '2028-04-20', 'Pagado', 0, 1),
('Cosechadora de Cacao', 1, 15000, '2028-05-30', 'Pendiente', 7500, 1),
('Contenedores de Plástico', 200, 2000, '2028-06-15', 'Pagado', 0, 1),
('Transportadores de Cacao', 2, 3000, '2028-07-05', 'Pendiente', 1500, 1),
('Herramientas de Corte', 100, 1500, '2028-08-12', 'Pagado', 0, 1),
('Sistema de Monitoreo de Humedad', 1, 2000, '2028-09-15', 'Pendiente', 1000, 1),
('Lavadora de Maquinaria', 1, 4000, '2028-10-18', 'Pagado', 0, 1),
('Machete de Acero', 10, 15000, '2024-01-10', 'Pagado', 0, 1),
('Rastrillo de Jardín', 8, 12000, '2024-01-15', 'Pagado', 0, 1),
('Pala Recta', 6, 10000, '2024-01-20', 'Pendiente', 2000, 1),
('Carretilla Metálica', 3, 45000, '2024-02-01', 'Pagado', 0, 1),
('Cuchilla Podadora', 15, 7500, '2024-02-10', 'Pagado', 0, 1),
('Hacha de Mano', 5, 18000, '2024-02-20', 'Pagado', 0, 1),
('Aspersor Manual', 12, 30000, '2024-03-01', 'Pendiente', 5000, 1),
('Tijera de Podar', 20, 12000, '2024-03-10', 'Pagado', 0, 1),
('Guantes de Seguridad', 25, 5000, '2024-03-15', 'Pagado', 0, 1),
('Motoguadaña', 2, 120000, '2024-03-25', 'Pendiente', 15000, 1),
('Rociador de Presión', 10, 8500, '2024-04-01', 'Pagado', 0, 1),
('Sierra Manual', 5, 25000, '2024-04-15', 'Pagado', 0, 1),
('Bombillo Pulverizador', 8, 17000, '2024-04-20', 'Pagado', 0, 1),
('Cortadora de Césped', 1, 250000, '2024-05-01', 'Pendiente', 50000, 1),
('Llave de Ajuste', 7, 7000, '2024-05-10', 'Pagado', 0, 1),
('Martillo de Herrero', 10, 15000, '2024-05-20', 'Pagado', 0, 1),
('Taladro Portátil', 3, 55000, '2024-06-01', 'Pendiente', 12000, 1),
('Limas para Madera', 15, 8000, '2024-06-10', 'Pagado', 0, 1),
('Cinta Métrica', 20, 5000, '2024-06-15', 'Pagado', 0, 1),
('Escalera Plegable', 2, 70000, '2024-07-01', 'Pagado', 0, 1),
('Casco de Seguridad', 10, 12000, '2024-07-10', 'Pagado', 0, 1),
('Bota de Campo', 20, 15000, '2024-07-20', 'Pagado', 0, 1),
('Guadaña Eléctrica', 3, 200000, '2024-08-01', 'Pendiente', 25000, 1),
('Cuchilla para Guadaña', 10, 15000, '2024-08-10', 'Pagado', 0, 1),
('Llave Stilson', 5, 35000, '2024-08-20', 'Pagado', 0, 1),
('Hidrolavadora', 1, 300000, '2024-09-01', 'Pendiente', 70000, 1),
('Llave Allen', 20, 8000, '2024-09-10', 'Pagado', 0, 1),
('Pulidora Angular', 2, 90000, '2024-09-20', 'Pagado', 0, 1),
('Soplete para Soldar', 4, 18000, '2024-10-01', 'Pagado', 0, 1),
('Brocha para Pintura', 30, 4500, '2024-10-10', 'Pagado', 0, 1),
('Compresor de Aire', 1, 250000, '2024-10-20', 'Pendiente', 60000, 1),
('Llave para Tuercas', 10, 20000, '2024-11-01', 'Pagado', 0, 1),
('Cortadora de Alambre', 8, 18000, '2024-11-10', 'Pagado', 0, 1),
('Motobomba de Agua', 2, 300000, '2024-11-20', 'Pendiente', 80000, 1),
('Cizalla Manual', 5, 40000, '2024-12-01', 'Pagado', 0, 1),
('Pulverizador de Espalda', 10, 55000, '2024-12-10', 'Pagado', 0, 1),
('Arnés de Seguridad', 5, 30000, '2024-12-20', 'Pagado', 0, 1),
('Tractor Manual', 1, 450000, '2025-01-01', 'Pendiente', 100000, 1),
('Carretilla Reforzada', 5, 60000, '2025-01-10', 'Pagado', 0, 1),
('Motosierra', 2, 250000, '2025-01-20', 'Pendiente', 50000, 1),
('Arado Manual', 10, 40000, '2025-02-01', 'Pagado', 0, 1),
('Cultivador de Mano', 7, 15000, '2025-02-10', 'Pagado', 0, 1),
('Manguera de Alta Presión', 15, 20000, '2025-02-20', 'Pagado', 0, 1),
('Llave Inglesa', 8, 25000, '2025-03-01', 'Pagado', 0, 1),
('Rastrillo Metálico', 12, 12000, '2025-03-10', 'Pagado', 0, 1),
('Sierra Circular', 3, 120000, '2025-03-20', 'Pendiente', 30000, 1),
('Cuchillas para Sierra', 20, 20000, '2025-03-30', 'Pagado', 0, 1),
('Generador Eléctrico', 1, 400000, '2025-04-01', 'Pendiente', 90000, 1);

insert into agroquimicos (nombre_marca, tipo, categoria, stock, descripcion, empaque, peso, unidad_de_medida, costo, fecha_verncimiento, metodo_aplicacion, id_compra) 
values('FertiPlus', 'Fertilizante', 'NPK', 100, 'Mejora el crecimiento', 'Bolsa', 25.00, 'Kg', 120.50, '2025-01-15', 'Diluido en agua',1),
('HerbaStop', 'Herbicida', 'Sistémico', 200, 'Elimina malezas', 'Botella', 1.00, 'L', 250.00, '2025-06-01', 'Pulverización',2),
('InsectKill', 'Insecticida', 'Contacto', 150, 'Controla plagas', 'Botella', 0.50, 'L', 180.00, '2024-12-10', 'Aplicación directa',3),
('GrowMore', 'Fertilizante', 'Orgánico', 50, 'Fertilizante natural', 'Saco', 20.00, 'Kg', 85.00, '2026-03-20', 'Directo al suelo',4),
('WeedAway', 'Herbicida', 'Selectivo', 300, 'Ideal para césped', 'Botella', 1.00, 'L', 220.00, '2025-07-30', 'Pulverización',5),
('PestShield', 'Insecticida', 'Sistémico', 120, 'Protege cultivos', 'Botella', 2.00, 'L', 320.00, '2025-04-15', 'Diluido en agua',6),
('CropBoost', 'Fertilizante', 'NPK', 80, 'Incrementa cosecha', 'Bolsa', 15.00, 'Kg', 95.00, '2025-05-05', 'Directo al suelo',7),
('WeedStop', 'Herbicida', 'Preemergente', 100, 'Previene malezas', 'Botella', 1.00, 'L', 150.00, '2024-11-20', 'Pulverización', 8),
('FlyAway', 'Insecticida', 'Biológico', 90, 'Controla insectos', 'Botella', 1.00, 'L', 200.00, '2025-02-28', 'Pulverización',9),
('PlantGuard', 'Fungicida', 'Preventivo', 130, 'Protege hojas', 'Botella', 1.50, 'L', 275.00, '2025-08-10', 'Pulverización',10),
('RootGro', 'Fertilizante', 'Radicular', 60, 'Fortalece raíces', 'Bolsa', 10.00, 'Kg', 70.00, '2025-03-15', 'Diluido en agua',11),
('GreenPower', 'Fertilizante', 'Orgánico', 200, 'Ecológico y natural', 'Saco', 25.00, 'Kg', 90.00, '2026-01-01', 'Directo al suelo',12),
('BugStop', 'Insecticida', 'Sistémico', 140, 'Combate plagas', 'Botella', 1.00, 'L', 180.00, '2025-09-25', 'Pulverización',13),
('SoilFix', 'Fertilizante', 'Micronutrientes', 75, 'Mejora calidad suelo', 'Bolsa', 5.00, 'Kg', 60.00, '2025-06-15', 'Mezcla con agua',14),
('MoldAway', 'Fungicida', 'Curativo', 100, 'Cura infecciones', 'Botella', 2.00, 'L', 320.00, '2025-12-01', 'Pulverización',15),
('QuickGrow', 'Fertilizante', 'Foliar', 180, 'Rápida absorción', 'Botella', 1.00, 'L', 150.00, '2025-10-10', 'Pulverización',16),
('GrassKiller', 'Herbicida', 'No selectivo', 250, 'Elimina todo tipo de hierba', 'Botella', 1.50, 'L', 210.00, '2025-05-01', 'Pulverización',17),
('BlossomAid', 'Fertilizante', 'Floración', 120, 'Estimula flores', 'Bolsa', 8.00, 'Kg', 80.00, '2026-04-05', 'Directo al suelo',18),
('PestAway', 'Insecticida', 'Contacto', 130, 'Efectivo al instante', 'Botella', 0.75, 'L', 190.00, '2024-12-20', 'Pulverización',19),
('MiteGone', 'Insecticida', 'Acaricida', 100, 'Elimina ácaros', 'Botella', 1.00, 'L', 230.00, '2025-03-01', 'Pulverización',20),
('YieldMax', 'Fertilizante', 'NPK', 90, 'Maximiza rendimiento', 'Saco', 20.00, 'Kg', 125.00, '2025-07-15', 'Directo al suelo',21),
('HerbClear', 'Herbicida', 'Selectivo', 200, 'Respetuoso con cultivos', 'Botella', 1.50, 'L', 210.00, '2025-09-10', 'Pulverización',22),
('SporeStop', 'Fungicida', 'Sistémico', 110, 'Elimina hongos', 'Botella', 2.00, 'L', 310.00, '2025-11-30', 'Diluido en agua',23),
('LeafProtect', 'Fungicida', 'Preventivo', 150, 'Protección prolongada', 'Botella', 1.50, 'L', 290.00, '2026-01-20', 'Pulverización',24),
('EcoGro', 'Fertilizante', 'Orgánico', 200, 'Sostenible y natural', 'Saco', 30.00, 'Kg', 95.00, '2026-02-10', 'Directo al suelo',25),
('PestOut', 'Insecticida', 'Biológico', 80, 'Amigable con el ambiente', 'Botella', 1.00, 'L', 220.00, '2025-06-25', 'Pulverización',26),
('WeedBan', 'Herbicida', 'Preemergente', 300, 'Previene brotes', 'Botella', 1.25, 'L', 160.00, '2024-10-15', 'Pulverización',27),
('RootAid', 'Fertilizante', 'Radicular', 70, 'Fortalece raíces', 'Bolsa', 12.00, 'Kg', 85.00, '2025-08-10', 'Diluido en agua',28),
('BioBoost', 'Fertilizante', 'Foliar', 180, 'Absorción rápida', 'Botella', 1.00, 'L', 140.00, '2025-09-05', 'Pulverización',29),
('MiteAway', 'Insecticida', 'Acaricida', 120, 'Controla ácaros', 'Botella', 1.00, 'L', 240.00, '2025-12-15', 'Pulverización',30),
('GreenGrow', 'Fertilizante', 'Micronutrientes', 80, 'Mejora crecimiento', 'Bolsa', 10.00, 'Kg', 100.00, '2025-07-01', 'Mezcla con agua',31),
('FungiClear', 'Fungicida', 'Curativo', 100, 'Cura enfermedades', 'Botella', 1.50, 'L', 310.00, '2025-11-20', 'Pulverización',32),
('SpeedGrow', 'Fertilizante', 'NPK', 150, 'Estimula cultivos', 'Bolsa', 20.00, 'Kg', 130.00, '2026-01-15', 'Directo al suelo',33),
('HerbiControl', 'Herbicida', 'Sistémico', 170, 'Eficiencia comprobada', 'Botella', 1.00, 'L', 190.00, '2025-08-05', 'Pulverización',34),
('SoilBoost', 'Fertilizante', 'Micronutrientes', 90, 'Mejora fertilidad', 'Saco', 25.00, 'Kg', 115.00, '2026-03-20', 'Diluido en agua',35),
('PestClear', 'Insecticida', 'Contacto', 140, 'Control rápido', 'Botella', 0.50, 'L', 200.00, '2024-12-01', 'Aplicación directa',36),
('FungiGuard', 'Fungicida', 'Preventivo', 150, 'Evita enfermedades', 'Botella', 1.50, 'L', 300.00, '2025-09-25', 'Pulverización',37),
('CropCare', 'Fertilizante', 'Orgánico', 180, 'Ecológico y seguro', 'Saco', 30.00, 'Kg', 90.00, '2026-04-01', 'Directo al suelo',38),
('BugAway', 'Insecticida', 'Sistémico', 120, 'Protección prolongada', 'Botella', 1.50, 'L', 250.00, '2025-10-10', 'Pulverización',39),
('WeedShield', 'Herbicida', 'Selectivo', 200, 'No daña cultivos', 'Botella', 1.00, 'L', 220.00, '2025-05-10', 'Pulverización',40),
('PlantVital', 'Fertilizante', 'Radicular', 80, 'Aumenta rendimiento', 'Bolsa', 10.00, 'Kg', 75.00, '2025-06-30', 'Diluido en agua',41),
('GrowthAid', 'Fertilizante', 'Foliar', 170, 'Estimula crecimiento', 'Botella', 1.00, 'L', 120.00, '2025-07-20', 'Pulverización',42),
('MiteFix', 'Insecticida', 'Acaricida', 110, 'Combate ácaros', 'Botella', 1.25, 'L', 260.00, '2025-10-05', 'Pulverización',43),
('HarvestMore', 'Fertilizante', 'NPK', 200, 'Mayor producción', 'Bolsa', 20.00, 'Kg', 140.00, '2026-02-15', 'Directo al suelo',44),
('UltraGro', 'Fertilizante', 'NPK', 160, 'Eficiente y económico', 'Bolsa', 15.00, 'Kg', 110.00, '2025-06-15', 'Directo al suelo',45),
('ShieldCrop', 'Fungicida', 'Preventivo', 120, 'Protege de infecciones', 'Botella', 1.50, 'L', 275.00, '2025-09-10', 'Pulverización',46),
('InsectGuard', 'Insecticida', 'Biológico', 140, 'Controla insectos', 'Botella', 1.00, 'L', 215.00, '2025-08-20', 'Pulverización',47),
('WeedBuster', 'Herbicida', 'No selectivo', 300, 'Elimina malezas resistentes', 'Botella', 1.50, 'L', 235.00, '2025-10-01', 'Pulverización',48),
('Ferticover', 'Fertilizante', 'Orgánico', 250, 'Natural y efectivo', 'Saco', 25.00, 'Kg', 95.00, '2026-03-10', 'Directo al suelo',49),
('EcoFerti', 'Fertilizante', 'Orgánico', 150, 'Cuidado ambiental', 'Saco', 25.00, 'Kg', 85.00, '2026-01-10', 'Directo al suelo',50);


insert into herramientas (categoria, tipo, stock, estado, tipo_combustible, id_compra, id_area_finca) values
('Corte', 'Machete', 50, 'Bien', NULL, 101, 1),
('Riego', 'Manguera', 200, 'Bien', NULL, 102, 2),
('Riego', 'Pipa de Agua', 1, 'Bien', 'Gasolina', 103, 2),
('Recolección', 'Carretilla', 30, 'Bien', NULL, 104, 3),
('Recolección', 'Cestos de Plástico', 100, 'Bien', NULL, 105, 3),
('Corte', 'Cuchillo', 40, 'Bien', NULL, 106, 4),
('Corte', 'Sierra Manual', 10, 'Dañado', NULL, 107, 4),
('Corte', 'Hacha', 20, 'Bien', NULL, 108, 4),
('Molienda', 'Molino de Mano', 5, 'Bien', NULL, 109, 5),
('Molienda', 'Molino Eléctrico', 3, 'Dañado', 'Eléctrico', 110, 5),
('Molienda', 'Trituradora de Cáscaras', 2, 'Bien', 'Gasolina', 111, 5),
('Almacenaje', 'Estanterías', 20, 'Bien', NULL, 112, 6),
('Almacenaje', 'Sacos de Almacenaje', 500, 'Bien', NULL, 113, 6),
('Almacenaje', 'Contenedores de Cacao', 50, 'Bien', NULL, 114, 6),
('Secado', 'Secadora Solar', 2, 'Bien', NULL, 115, 7),
('Secado', 'Cama de Secado', 10, 'Bien', NULL, 116, 7),
('Secado', 'Ventiladores', 5, 'Dañado', 'Eléctrico', 117, 7),
('Cosecha', 'Cosechadora Manual', 10, 'Bien', NULL, 118, 8),
('Cosecha', 'Cosechadora Mecánica', 2, 'Bien', 'Diesel', 119, 8),
('Cosecha', 'Pico de Cosecha', 50, 'Bien', NULL, 120, 8),
('Riego', 'Sistema de Riego Automático', 1, 'Bien', 'Eléctrico', 121, 2),
('Riego', 'Tuberías de Riego', 100, 'Bien', NULL, 122, 2),
('Riego', 'Aspersores', 150, 'Bien', NULL, 123, 2),
('Abono', 'Distribuidor de Abono', 1, 'Bien', 'Gasolina', 124, 9),
('Abono', 'Pala de Abono', 50, 'Bien', NULL, 125, 9),
('Abono', 'Carro de Abono', 10, 'Dañado', NULL, 126, 9),
('Corte', 'Tijeras de Poda', 100, 'Bien', NULL, 127, 10),
('Corte', 'Sierra Eléctrica', 5, 'Bien', 'Eléctrico', 128, 10),
('Corte', 'Desbrozadora', 3, 'Bien', 'Gasolina', 129, 10),
('Riego', 'Tanque de Riego', 5, 'Bien', 'Gasolina', 130, 2),
('Recolección', 'Picos de Recolección', 30, 'Bien', NULL, 131, 3),
('Recolección', 'Canastas de Recolección', 100, 'Bien', NULL, 132, 3),
('Recolección', 'Tijeras de Corte', 40, 'Bien', NULL, 133, 3),
('Cosecha', 'Hoja de Cosecha', 50, 'Dañado', NULL, 134, 8),
('Cosecha', 'Pala para Cacao', 10, 'Bien', NULL, 135, 8),
('Cosecha', 'Recogedor de Cacao', 5, 'Bien', NULL, 136, 8),
('Molienda', 'Prensa de Cacao', 1, 'Bien', 'Eléctrico', 137, 5),
('Molienda', 'Deshidratador de Cacao', 2, 'Bien', 'Eléctrico', 138, 5),
('Molienda', 'Centrífuga', 1, 'Bien', 'Gasolina', 139, 5),
('Almacenaje', 'Estibas de Madera', 50, 'Bien', NULL, 140, 6),
('Almacenaje', 'Básculas de Pesaje', 10, 'Bien', NULL, 141, 6),
('Almacenaje', 'Sistemas de Refrigeración', 2, 'Bien', 'Eléctrico', 142, 6),
('Corte', 'Guantes de Poda', 200, 'Bien', NULL, 143, 10),
('Corte', 'Casco de Seguridad', 50, 'Bien', NULL, 144, 10),
('Corte', 'Máscara de Protección', 100, 'Bien', NULL, 145, 10),
('Cosecha', 'Guanteras', 30, 'Bien', NULL, 146, 8),
('Cosecha', 'Bolsas de Recolección', 100, 'Bien', NULL, 147, 8),
('Molienda', 'Molino de Cacao', 1, 'Bien', 'Gasolina', 148, 5),
('Molienda', 'Molinillo de Cacao', 3, 'Bien', NULL, 149, 5),
('Molienda', 'Molino Industrial', 1, 'Bien', 'Eléctrico', 150, 5);

insert into lotes (ancho, largo, unidad_de_medida, cantidad_de_plantas, id_cultivo) 
values
(100.50, 50.00, 'm2', 1500, 1),
(120.00, 60.00, 'm2', 1800, 1),
(90.00, 45.00, 'm2', 1350, 1),
(80.00, 40.00, 'm2', 1200, 1),
(110.00, 55.00, 'm2', 1650, 1),
(150.00, 75.00, 'm2', 2250, 1),
(130.00, 65.00, 'm2', 1950, 1),
(95.00, 48.00, 'm2', 1425, 1),
(85.00, 42.50, 'm2', 1275, 1),
(100.00, 50.00, 'm2', 1500, 1);

insert into cuidado_cultivo (descripcion_aplicacion, fecha_cuidado, unidad_de_medida, medida_dosis, tipo_cuidado, id_lote, id_agroquimico, id_herramienta) 
values
('Fertilización con abono orgánico', '2024-11-01', 'kg', 25.00, 'Fertilización', 1, 1, 10),
('Aplicación de insecticida para control de plagas', '2024-11-02', 'l', 5.00, 'Control de Plagas', 2, 2, 9),
('Poda de ramas secas', '2024-11-03', 'unidad', 20.00, 'Poda', 3, NULL, 7),
('Riego de mantenimiento', '2024-11-04', 'm3', 15.00, 'Riego', 4, NULL, 2),
('Control de maleza con herbicida', '2024-11-05', 'l', 3.00, 'Control de Maleza', 5, 3, 8),
('Aplicación de fungicida para control de enfermedades', '2024-11-06', 'l', 2.00, 'Control de Enfermedades', 6, 4, 5),
('Recolección de frutos maduros', '2024-11-07', 'unidad', 1000.00, 'Recolección', 7, NULL, 4),
('Aplicación de abono químico', '2024-11-08', 'kg', 30.00, 'Fertilización', 8, 5, 3),
('Desinfectado de herramientas con desinfectante', '2024-11-09', 'ml', 50.00, 'Desinfección', 9, 6, 6),
('Corte de árboles viejos', '2024-11-10', 'unidad', 10.00, 'Corte', 10, NULL, 1),
('Fertilización con compost', '2024-11-11', 'kg', 20.00, 'Fertilización', 1, 1, 10),
('Aplicación de repelente natural para insectos', '2024-11-12', 'l', 4.00, 'Control de Plagas', 2, 7, 9),
('Poda de árboles jóvenes', '2024-11-13', 'unidad', 15.00, 'Poda', 3, NULL, 7),
('Riego con sistema automatizado', '2024-11-14', 'm3', 10.00, 'Riego', 4, NULL, 2),
('Aplicación de herbicida para control de maleza resistente', '2024-11-15', 'l', 3.50, 'Control de Maleza', 5, 3, 8),
('Aplicación de fungicida en época de lluvias', '2024-11-16', 'l', 2.50, 'Control de Enfermedades', 6, 4, 5),
('Recolección de cacao para procesamiento', '2024-11-17', 'unidad', 1200.00, 'Recolección', 7, NULL, 4),
('Aplicación de fertilizante líquido', '2024-11-18', 'l', 8.00, 'Fertilización', 8, 5, 3),
('Desinfectado de campos con fumos', '2024-11-19', 'kg', 5.00, 'Desinfección', 9, 6, 6),
('Corte de maleza alrededor de los cultivos', '2024-11-20', 'unidad', 25.00, 'Corte', 10, NULL, 1),
('Aplicación de abono foliar', '2024-11-21', 'kg', 10.00, 'Fertilización', 1, 1, 10),
('Tratamiento de raíces con insecticida', '2024-11-22', 'l', 3.00, 'Control de Plagas', 2, 2, 9),
('Poda de ramas bajas', '2024-11-23', 'unidad', 30.00, 'Poda', 3, NULL, 7),
('Riego por goteo', '2024-11-24', 'm3', 20.00, 'Riego', 4, NULL, 2),
('Aplicación de herbicida pre-emergente', '2024-11-25', 'l', 4.00, 'Control de Maleza', 5, 3, 8),
('Aplicación de fungicida preventivo', '2024-11-26', 'l', 2.00, 'Control de Enfermedades', 6, 4, 5),
('Recolección de cacao en condiciones óptimas', '2024-11-27', 'unidad', 1000.00, 'Recolección', 7, NULL, 4),
('Fertilización con nitrógeno', '2024-11-28', 'kg', 15.00, 'Fertilización', 8, 5, 3),
('Desinfectado de campos con vaporizadores', '2024-11-29', 'ml', 40.00, 'Desinfección', 9, 6, 6),
('Corte de cacao para eliminar frutos dañados', '2024-11-30', 'unidad', 35.00, 'Corte', 10, NULL, 1),
('Poda de hojas secas en temporada de sequía', '2024-12-01', 'unidad', 25.00, 'Poda', 3, NULL, 7),
('Riego de emergencia en época de sequía', '2024-12-02', 'm3', 25.00, 'Riego', 4, NULL, 2),
('Aplicación de fertilizante con micronutrientes', '2024-12-03', 'kg', 20.00, 'Fertilización', 1, 1, 10),
('Control de plagas con control biológico', '2024-12-04', 'l', 2.50, 'Control de Plagas', 2, 7, 9),
('Aplicación de fungicida para moho en semillas', '2024-12-05', 'l', 1.00, 'Control de Enfermedades', 6, 4, 5),
('Poda de árboles adultos para renovación', '2024-12-06', 'unidad', 15.00, 'Poda', 3, NULL, 7),
('Recolección de frutos de alta calidad', '2024-12-07', 'unidad', 950.00, 'Recolección', 7, NULL, 4),
('Corte de cacao para evitar sobrecrecimiento', '2024-12-08', 'unidad', 40.00, 'Corte', 10, NULL, 1),
('Fertilización con abono natural', '2024-12-09', 'kg', 30.00, 'Fertilización', 1, 1, 10),
('Aplicación de fungicida para enfermedad de la raíz', '2024-12-10', 'l', 2.00, 'Control de Enfermedades', 6, 4, 5),
('Corte de ramas que afectan el crecimiento', '2024-12-11', 'unidad', 10.00, 'Corte', 10, NULL, 1),
('Recolección de cacao con bajo índice de humedad', '2024-12-12', 'unidad', 1000.00, 'Recolección', 7, NULL, 4),
('Fertilización de suelo con materia orgánica', '2024-12-13', 'kg', 25.00, 'Fertilización', 1, 1, 10),
('Poda de cacao para formar nueva estructura', '2024-12-14', 'unidad', 20.00, 'Poda', 3, NULL, 7),
('Riego intensivo para cacao en crecimiento', '2024-12-15', 'm3', 30.00, 'Riego', 4, NULL, 2),
('Control de maleza con mulch natural', '2024-12-16', 'kg', 10.00, 'Control de Maleza', 5, 3, 8),
('Aplicación de fertilizante a base de potasio', '2024-12-17', 'kg', 10.00, 'Fertilización', 8, 5, 3),
('Control de plagas por medio de trampas', '2024-12-18', 'unidad', 20.00, 'Control de Plagas', 2, 7, 9);

insert into cargos (nombre, categoria, frecuencia_pago, fecha_pago, salario, id_area_finca) 
values
('Supervisor de Cultivo', 'Gestión', 'Mensual', '2024-01-30', 1500.00, 1),
('Técnico Agrícola', 'Operativo', 'Mensual', '2024-02-15', 1200.00, 2),
('Operario de Maquinaria', 'Operativo', 'Mensual', '2024-03-01', 1100.00, 3),
('Técnico de Procesamiento', 'Operativo', 'Mensual', '2024-04-10', 1300.00, 4),
('Trabajador de Campo', 'Operativo', 'Semanal', '2024-04-15', 700.00, 5),
('Encargado de Abono', 'Operativo', 'Mensual', '2024-05-01', 1250.00, 6),
('Administrador de Finca', 'Administrativo', 'Mensual', '2024-06-01', 2000.00, 1),
('Asistente Administrativo', 'Administrativo', 'Mensual', '2024-06-15', 1000.00, 1),
('Jefe de Producción', 'Gestión', 'Mensual', '2024-07-01', 1800.00, 2),
('Líder de Control de Plagas', 'Gestión', 'Mensual', '2024-08-05', 1400.00, 3),
('Jefe de Mantenimiento', 'Gestión', 'Mensual', '2024-09-01', 1600.00, 4),
('Mecánico', 'Operativo', 'Mensual', '2024-09-15', 1200.00, 5),
('Analista de Calidad', 'Administrativo', 'Mensual', '2024-10-01', 1300.00, 6),
('Operario de Recepción', 'Operativo', 'Mensual', '2024-10-10', 1100.00, 1),
('Gestor de Inventario', 'Administrativo', 'Mensual', '2024-11-01', 1250.00, 2),
('Jefe de Procesos', 'Gestión', 'Mensual', '2024-11-10', 1700.00, 3),
('Encargado de Fertilización', 'Operativo', 'Mensual', '2024-12-01', 1200.00, 4),
('Jefe de Recolección', 'Gestión', 'Mensual', '2024-12-15', 1500.00, 5),
('Supervisor de Seguridad', 'Administrativo', 'Mensual', '2025-01-01', 1400.00, 6),
('Jefe de Logística', 'Gestión', 'Mensual', '2025-01-10', 1600.00, 1),
('Analista de Suelo', 'Técnico', 'Mensual', '2025-02-01', 1300.00, 2),
('Encargado de Almacén', 'Operativo', 'Mensual', '2025-02-15', 1100.00, 3),
('Jefe de Cultivos Especiales', 'Gestión', 'Mensual', '2025-03-01', 1500.00, 4),
('Coordinador de Siembra', 'Gestión', 'Mensual', '2025-03-10', 1600.00, 5),
('Supervisor de Riego', 'Operativo', 'Mensual', '2025-04-01', 1200.00, 6),
('Técnico en Fertilización', 'Operativo', 'Mensual', '2025-04-15', 1150.00, 1),
('Coordinador de Calidad', 'Gestión', 'Mensual', '2025-05-01', 1500.00, 2),
('Operario de Secado', 'Operativo', 'Mensual', '2025-05-10', 1100.00, 3),
('Analista de Producción', 'Técnico', 'Mensual', '2025-06-01', 1300.00, 4),
('Supervisor de Maquinaria', 'Operativo', 'Mensual', '2025-06-15', 1400.00, 5),
('Jefe de Empaque', 'Gestión', 'Mensual', '2025-07-01', 1500.00, 6),
('Gestor de Ventas', 'Administrativo', 'Mensual', '2025-07-10', 1300.00, 1),
('Coordinador de Distribución', 'Gestión', 'Mensual', '2025-08-01', 1700.00, 2),
('Operario de Limpieza', 'Operativo', 'Semanal', '2025-08-15', 600.00, 3),
('Supervisor de Calidad', 'Gestión', 'Mensual', '2025-09-01', 1600.00, 4),
('Jefe de Control de Calidad', 'Gestión', 'Mensual', '2025-09-10', 1800.00, 5),
('Coordinador de Riego', 'Operativo', 'Mensual', '2025-10-01', 1200.00, 6),
('Asistente de Producción', 'Operativo', 'Mensual', '2025-10-10', 1100.00, 1),
('Líder de Abono', 'Gestión', 'Mensual', '2025-11-01', 1500.00, 2),
('Supervisor de Cultivo Especial', 'Gestión', 'Mensual', '2025-11-15', 1600.00, 3),
('Técnico en Recolección', 'Operativo', 'Mensual', '2025-12-01', 1200.00, 4),
('Jefe de Abonos Especiales', 'Gestión', 'Mensual', '2025-12-10', 1550.00, 5),
('Encargado de Fertilización', 'Operativo', 'Mensual', '2026-01-01', 1300.00, 6),
('Asistente de Calidad', 'Técnico', 'Mensual', '2026-01-10', 1250.00, 1),
('Coordinador de Fertilización', 'Gestión', 'Mensual', '2026-02-01', 1500.00, 2),
('Jefe de Procesamiento', 'Gestión', 'Mensual', '2026-02-15', 1600.00, 3),
('Jefe de Mantenimiento de Maquinaria', 'Operativo', 'Mensual', '2026-03-01', 1300.00, 4),
('Supervisor de Recolección Especial', 'Gestión', 'Mensual', '2026-03-10', 1700.00, 5),
('Técnico en Abono', 'Operativo', 'Mensual', '2026-04-01', 1150.00, 6),
('Supervisor de Secado', 'Gestión', 'Mensual', '2026-04-15', 1600.00, 1);


INSERT INTO empleados (nombre1, nombre2, apellido1, apellido2, cedula, telefono, correo_electronico, fecha_ingreso, fecha_salida, estado, fecha_nacimiento, id_finca, id_cargo) VALUES
('Carlos', 'Antonio', 'Gomez', 'Ramirez', '123456789', '0987654321', 'carlos.gomez@mail.com', '2024-01-10', NULL, 'Activo', '1985-06-15', 1, 1),
('María', 'Fernanda', 'Lopez', 'Perez', '987654321', '0976543210', 'maria.lopez@mail.com', '2024-02-15', NULL, 'Activo', '1990-08-20', 1, 2),
('Juan', 'Carlos', 'Martinez', 'Torres', '112233445', '0966334455', 'juan.martinez@mail.com', '2024-03-01', NULL, 'Activo', '1982-12-05', 1, 3),
('Ana', 'Isabel', 'Diaz', 'Gonzalez', '223344556', '0955223344', 'ana.diaz@mail.com', '2024-01-20', NULL, 'Activo', '1992-11-22', 1, 4),
('José', 'Luis', 'Hernandez', 'Vargas', '334455667', '0944112233', 'jose.hernandez@mail.com', '2024-04-15', NULL, 'Activo', '1980-05-10', 1, 5),
('Lucia', 'Fernandez', 'Moreno', 'Ruiz', '445566778', '0922334455', 'lucia.fernandez@mail.com', '2024-05-01', NULL, 'Activo', '1995-01-30', 1, 6),
('Pedro', 'Jose', 'Garcia', 'Sanchez', '556677889', '0911223344', 'pedro.garcia@mail.com', '2024-06-10', NULL, 'Activo', '1993-07-14', 1, 1),
('Sara', 'Carmen', 'Jimenez', 'Lopez', '667788990', '0992334455', 'sara.jimenez@mail.com', '2024-07-25', NULL, 'Activo', '1991-02-05', 1, 2),
('Raúl', 'Enrique', 'Mendez', 'Alvarez', '778899001', '0933445566', 'raul.mendez@mail.com', '2024-08-18', NULL, 'Activo', '1984-11-13', 1, 3),
('Sofia', 'Paz', 'Serrano', 'Martinez', '889900112', '0912334455', 'sofia.serrano@mail.com', '2024-09-05', NULL, 'Activo', '1990-04-20', 1, 4),
('Pedro', 'Antonio', 'Fernandez', 'Jimenez', '990011223', '0944334455', 'pedro.antonio@mail.com', '2024-10-01', NULL, 'Activo', '1988-12-10', 1, 5),
('Marta', 'Lucia', 'Ruiz', 'Alonso', '101223344', '0922334455', 'marta.ruiz@mail.com', '2024-11-10', NULL, 'Activo', '1993-03-02', 1, 6),
('Ricardo', 'Martín', 'Gonzalez', 'Morales', '112233445', '0955223344', 'ricardo.gonzalez@mail.com', '2024-01-12', NULL, 'Activo', '1989-08-15', 1, 1),
('Laura', 'Maria', 'Vazquez', 'Diaz', '123456789', '0987654321', 'laura.vazquez@mail.com', '2024-02-12', NULL, 'Activo', '1992-09-20', 1, 2),
('Carlos', 'Eduardo', 'Blanco', 'Garcia', '234567890', '0976543210', 'carlos.blanco@mail.com', '2024-03-20', NULL, 'Activo', '1986-12-02', 1, 3),
('Isabel', 'Marina', 'Morales', 'Herrera', '345678901', '0966334455', 'isabel.morales@mail.com', '2024-04-25', NULL, 'Activo', '1990-05-15', 1, 4),
('Rafael', 'Antonio', 'Ruiz', 'Jimenez', '456789012', '0944112233', 'rafael.ruiz@mail.com', '2024-05-30', NULL, 'Activo', '1983-11-18', 1, 5),
('Cristina', 'Sofia', 'Lopez', 'Vargas', '567890123', '0922334455', 'cristina.lopez@mail.com', '2024-06-10', NULL, 'Activo', '1995-07-21', 1, 6),
('Miguel', 'Angel', 'Reyes', 'Torres', '678901234', '0911223344', 'miguel.reyes@mail.com', '2024-07-15', NULL, 'Activo', '1981-03-10', 1, 1),
('Santiago', 'José', 'Gomez', 'Ramirez', '789012345', '0992334455', 'santiago.gomez@mail.com', '2024-08-20', NULL, 'Activo', '1994-06-25', 1, 2),
('Elena', 'Victoria', 'Castro', 'Sánchez', '890123456', '0933445566', 'elena.castro@mail.com', '2024-09-01', NULL, 'Activo', '1988-11-30', 1, 3),
('Jorge', 'Luis', 'Moreno', 'Alvarez', '901234567', '0912334455', 'jorge.moreno@mail.com', '2024-10-05', NULL, 'Activo', '1992-04-18', 1, 4),
('Juliana', 'Paola', 'Ramirez', 'Mendoza', '123567890', '0944334455', 'juliana.ramirez@mail.com', '2024-11-25', NULL, 'Activo', '1987-01-12', 1, 5),
('Andrés', 'Felipe', 'Sánchez', 'Cortes', '234678901', '0922334455', 'andres.sanchez@mail.com', '2024-12-10', NULL, 'Activo', '1990-02-25', 1, 6),
('Fernanda', 'Catalina', 'Blanco', 'Guerrero', '345789012', '0987654321', 'fernanda.blanco@mail.com', '2024-01-22', NULL, 'Activo', '1983-07-15', 1, 1),
('Antonio', 'Carlos', 'Vazquez', 'Perez', '456890123', '0976543210', 'antonio.vazquez@mail.com', '2024-02-25', NULL, 'Activo', '1991-09-17', 1, 2),
('Alba', 'Lucía', 'Diaz', 'Navarro', '567901234', '0966334455', 'alba.diaz@mail.com', '2024-03-30', NULL, 'Activo', '1985-04-22', 1, 3),
('Martin', 'Javier', 'Alvarez', 'Gomez', '678912345', '0944112233', 'martin.alvarez@mail.com', '2024-04-12', NULL, 'Activo', '1992-12-30', 1, 4),
('Paola', 'Rosa', 'Rodriguez', 'Vasquez', '789023456', '0922334455', 'paola.rodriguez@mail.com', '2024-05-15', NULL, 'Activo', '1993-08-01', 1, 5),
('Esteban', 'Ramón', 'Lopez', 'Cortes', '890134567', '0911223344', 'esteban.lopez@mail.com', '2024-06-30', NULL, 'Activo', '1990-01-09', 1, 6),
('Beatriz', 'Isabel', 'Martínez', 'Gonzalez', '901245678', '0992334455', 'beatriz.martinez@mail.com', '2024-07-10', NULL, 'Activo', '1987-11-16', 1, 1),
('Roberto', 'Enrique', 'Jimenez', 'Salazar', '123456789', '0944334455', 'roberto.jimenez@mail.com', '2024-08-20', NULL, 'Activo', '1982-03-25', 1, 2),
('Violeta', 'Elena', 'Serrano', 'Ramirez', '234567890', '0922334455', 'violeta.serrano@mail.com', '2024-09-05', NULL, 'Activo', '1993-12-10', 1, 3),
('Juan', 'Carlos', 'Gómez', 'López', '1234567890', '3001234567', 'juan.gomez@example.com', '2020-01-10', NULL, 'Activo', '1985-05-12', 1, 1),
('María', 'Elena', 'Rodríguez', 'Martínez', '2345678901', '3002345678', 'maria.rodriguez@example.com', '2019-03-15', NULL, 'Activo', '1990-07-24', 1, 2),
('Carlos', 'Eduardo', 'Pérez', 'García', '3456789012', '3003456789', 'carlos.perez@example.com', '2021-06-20', NULL, 'Activo', '1988-11-03', 1, 3),
('Luisa', 'Fernanda', 'Martínez', 'Ortiz', '4567890123', '3004567890', 'luisa.martinez@example.com', '2020-09-10', NULL, 'Activo', '1992-01-18', 1, 4),
('Sofía', 'Andrea', 'Ruiz', 'Ramírez', '5678901234', '3005678901', 'sofia.ruiz@example.com', '2022-02-01', NULL, 'Activo', '1995-03-28', 1, 5),
('Fernando', 'José', 'Ramírez', 'Cruz', '6789012345', '3006789012', 'fernando.ramirez@example.com', '2018-08-15', NULL, 'Activo', '1982-09-15', 1, 6),
('Ana', 'Lucía', 'Hernández', 'Jiménez', '7890123456', '3007890123', 'ana.hernandez@example.com', '2021-11-05', NULL, 'Activo', '1991-04-25', 1, 7),
('Diego', 'Alejandro', 'Ortiz', 'Torres', '8901234567', '3008901234', 'diego.ortiz@example.com', '2020-12-20', '2023-10-15', 'Inactivo', '1987-06-10', 1, 8),
('Gabriela', 'Estefanía', 'Morales', 'Vega', '9012345678', '3009012345', 'gabriela.morales@example.com', '2023-01-05', NULL, 'Activo', '1994-12-22', 1, 9),
('Jorge', 'Luis', 'Castro', 'Pineda', '0123456789', '3000123456', 'jorge.castro@example.com', '2019-05-15', '2022-08-01', 'Inactivo', '1986-07-14', 1, 10),
('Isabela', 'María', 'Rojas', 'Mejía', '1123456789', '3001123456', 'isabela.rojas@example.com', '2020-07-10', NULL, 'Activo', '1993-08-02', 1, 1),
('Ricardo', 'Andrés', 'García', 'Figueroa', '1223456789', '3001223456', 'ricardo.garcia@example.com', '2021-10-25', NULL, 'Activo', '1990-02-19', 1, 2),
('Laura', 'Camila', 'Sánchez', 'Navarro', '1323456789', '3001323456', 'laura.sanchez@example.com', '2018-01-15', NULL, 'Activo', '1992-05-16', 1, 3),
('Cristian', 'David', 'López', 'Castaño', '1423456789', '3001423456', 'cristian.lopez@example.com', '2019-12-01', NULL, 'Activo', '1989-09-23', 1, 4),
('Paola', 'Andrea', 'Gómez', 'Rojas', '1523456789', '3001523456', 'paola.gomez@example.com', '2020-03-05', '2023-05-01', 'Inactivo', '1985-03-03', 1, 5),
('Manuel', 'Felipe', 'Ramírez', 'González', '1623456789', '3001623456', 'manuel.ramirez@example.com', '2019-09-30', NULL, 'Activo', '1983-12-30', 1, 6),
('Diana', 'Carolina', 'Castaño', 'Ortiz', '1723456789', '3001723456', 'diana.castano@example.com', '2022-05-15', NULL, 'Activo', '1996-04-20', 1, 7),
('Sebastián', 'Alonso', 'Mendoza', 'Ramírez', '1823456789', '3001823456', 'sebastian.mendoza@example.com', '2021-08-05', NULL, 'Activo', '1991-01-11', 1, 8);


insert into Horarios_empleados (hora_entrada, hora_salida, horas_almuerzo, id_empleado) 
values
('2024-01-10 08:00:00', '2024-01-10 17:00:00', '2024-01-10 12:00:00', 1),
('2024-01-11 08:30:00', '2024-01-11 17:30:00', '2024-01-11 13:00:00', 2),
('2024-01-12 09:00:00', '2024-01-12 18:00:00', '2024-01-12 13:00:00', 3),
('2024-01-13 07:45:00', '2024-01-13 16:45:00', '2024-01-13 12:30:00', 4),
('2024-01-14 08:15:00', '2024-01-14 17:15:00', '2024-01-14 12:00:00', 5),
('2024-01-15 08:00:00', '2024-01-15 17:00:00', '2024-01-15 13:00:00', 6),
('2024-01-16 08:30:00', '2024-01-16 17:30:00', '2024-01-16 13:15:00', 7),
('2024-01-17 09:00:00', '2024-01-17 18:00:00', '2024-01-17 13:30:00', 8),
('2024-01-18 07:45:00', '2024-01-18 16:45:00', '2024-01-18 12:15:00', 9),
('2024-01-19 08:15:00', '2024-01-19 17:15:00', '2024-01-19 12:45:00', 10),
('2024-01-20 08:00:00', '2024-01-20 17:00:00', '2024-01-20 13:00:00', 11),
('2024-01-21 08:30:00', '2024-01-21 17:30:00', '2024-01-21 13:00:00', 12),
('2024-01-22 09:00:00', '2024-01-22 18:00:00', '2024-01-22 13:30:00', 13),
('2024-01-23 07:45:00', '2024-01-23 16:45:00', '2024-01-23 12:00:00', 14),
('2024-01-24 08:15:00', '2024-01-24 17:15:00', '2024-01-24 12:30:00', 15),
('2024-01-25 08:00:00', '2024-01-25 17:00:00', '2024-01-25 13:00:00', 16),
('2024-01-26 08:30:00', '2024-01-26 17:30:00', '2024-01-26 13:15:00', 17),
('2024-01-27 09:00:00', '2024-01-27 18:00:00', '2024-01-27 13:30:00', 18),
('2024-01-28 07:45:00', '2024-01-28 16:45:00', '2024-01-28 12:00:00', 19),
('2024-01-29 08:15:00', '2024-01-29 17:15:00', '2024-01-29 12:45:00', 20),
('2024-01-30 08:00:00', '2024-01-30 17:00:00', '2024-01-30 13:00:00', 21),
('2024-01-31 08:30:00', '2024-01-31 17:30:00', '2024-01-31 13:00:00', 22),
('2024-02-01 09:00:00', '2024-02-01 18:00:00', '2024-02-01 13:30:00', 23),
('2024-02-02 07:45:00', '2024-02-02 16:45:00', '2024-02-02 12:00:00', 24),
('2024-02-03 08:15:00', '2024-02-03 17:15:00', '2024-02-03 12:30:00', 25),
('2024-02-04 08:00:00', '2024-02-04 17:00:00', '2024-02-04 13:00:00', 26),
('2024-02-05 08:30:00', '2024-02-05 17:30:00', '2024-02-05 13:15:00', 27),
('2024-02-06 09:00:00', '2024-02-06 18:00:00', '2024-02-06 13:30:00', 28),
('2024-02-07 07:45:00', '2024-02-07 16:45:00', '2024-02-07 12:00:00', 29),
('2024-02-08 08:15:00', '2024-02-08 17:15:00', '2024-02-08 12:45:00', 30),
('2024-02-09 08:00:00', '2024-02-09 17:00:00', '2024-02-09 13:00:00', 31),
('2024-02-10 08:30:00', '2024-02-10 17:30:00', '2024-02-10 13:00:00', 32),
('2024-02-11 09:00:00', '2024-02-11 18:00:00', '2024-02-11 13:30:00', 33),
('2024-02-12 07:45:00', '2024-02-12 16:45:00', '2024-02-12 12:00:00', 34),
('2024-02-13 08:15:00', '2024-02-13 17:15:00', '2024-02-13 12:30:00', 35),
('2024-02-14 08:00:00', '2024-02-14 17:00:00', '2024-02-14 13:00:00', 36),
('2024-02-15 08:30:00', '2024-02-15 17:30:00', '2024-02-15 13:15:00', 37),
('2024-02-16 09:00:00', '2024-02-16 18:00:00', '2024-02-16 13:30:00', 38),
('2024-02-17 07:45:00', '2024-02-17 16:45:00', '2024-02-17 12:00:00', 39),
('2024-02-18 08:15:00', '2024-02-18 17:15:00', '2024-02-18 12:45:00', 40),
('2024-02-19 08:00:00', '2024-02-19 17:00:00', '2024-02-19 13:00:00', 41),
('2024-02-20 08:30:00', '2024-02-20 17:30:00', '2024-02-20 13:00:00', 42),
('2024-02-21 09:00:00', '2024-02-21 18:00:00', '2024-02-21 13:30:00', 43),
('2024-02-22 07:45:00', '2024-02-22 16:45:00', '2024-02-22 12:00:00', 44),
('2024-02-23 08:15:00', '2024-02-23 17:15:00', '2024-02-23 12:30:00', 45),
('2024-02-24 08:00:00', '2024-02-24 17:00:00', '2024-02-24 13:00:00', 46),
('2024-02-25 08:30:00', '2024-02-25 17:30:00', '2024-02-25 13:15:00', 47),
('2024-02-26 09:00:00', '2024-02-26 18:00:00', '2024-02-26 13:30:00', 48),
('2024-02-27 07:45:00', '2024-02-27 16:45:00', '2024-02-27 12:00:00', 49),
('2024-02-28 08:15:00', '2024-02-28 17:15:00', '2024-02-28 12:45:00', 50);

insert into vacaciones (fecha_salida, fecha_llegada, motivo, id_empleado) 
values
('2024-01-05', '2024-01-12', 'Descanso anual', 1),
('2024-02-01', '2024-02-07', 'Viaje familiar', 2),
('2024-03-15', '2024-03-22', 'Descanso personal', 3),
('2024-04-10', '2024-04-17', 'Vacaciones de verano', 4),
('2024-05-05', '2024-05-12', 'Reunión familiar', 5),
('2024-06-20', '2024-06-27', 'Vacaciones de invierno', 6),
('2024-07-15', '2024-07-22', 'Descanso médico', 7),
('2024-08-01', '2024-08-08', 'Viaje de negocios', 8),
('2024-09-05', '2024-09-12', 'Descanso anual', 9),
('2024-10-10', '2024-10-17', 'Vacaciones personales', 10),
('2024-11-15', '2024-11-22', 'Descanso por agotamiento', 11),
('2024-12-01', '2024-12-08', 'Descanso personal', 12),
('2024-01-10', '2024-01-17', 'Reunión familiar', 13),
('2024-02-20', '2024-02-27', 'Viaje a la playa', 14),
('2024-03-25', '2024-04-01', 'Vacaciones de verano', 15),
('2024-04-05', '2024-04-12', 'Escapada de fin de semana', 16),
('2024-05-25', '2024-06-01', 'Vacaciones anuales', 17),
('2024-06-10', '2024-06-17', 'Viaje al extranjero', 18),
('2024-07-01', '2024-07-08', 'Reunión con familiares', 19),
('2024-08-15', '2024-08-22', 'Descanso por salud', 20),
('2024-09-05', '2024-09-12', 'Viaje personal', 21),
('2024-10-15', '2024-10-22', 'Vacaciones largas', 22),
('2024-11-10', '2024-11-17', 'Descanso anual', 23),
('2024-12-01', '2024-12-08', 'Viaje a la montaña', 24),
('2024-01-01', '2024-01-08', 'Descanso de año nuevo', 25),
('2024-02-15', '2024-02-22', 'Escapada romántica', 26),
('2024-03-10', '2024-03-17', 'Vacaciones en familia', 27),
('2024-04-01', '2024-04-08', 'Viaje de descanso', 28),
('2024-05-10', '2024-05-17', 'Recuperación de salud', 29),
('2024-06-01', '2024-06-08', 'Viaje a la playa', 30),
('2024-07-20', '2024-07-27', 'Vacaciones personales', 31),
('2024-08-01', '2024-08-08', 'Viaje de negocios', 32),
('2024-09-10', '2024-09-17', 'Escapada de descanso', 33),
('2024-10-01', '2024-10-08', 'Reunión familiar', 34),
('2024-11-20', '2024-11-27', 'Vacaciones de invierno', 35),
('2024-12-05', '2024-12-12', 'Descanso personal', 36),
('2024-01-12', '2024-01-19', 'Escapada de fin de semana', 37),
('2024-02-25', '2024-03-03', 'Viaje a la montaña', 38),
('2024-03-20', '2024-03-27', 'Vacaciones familiares', 39),
('2024-04-30', '2024-05-07', 'Descanso anual', 40),
('2024-06-25', '2024-07-02', 'Reunión personal', 41),
('2024-07-05', '2024-07-12', 'Viaje de negocios', 42),
('2024-08-20', '2024-08-27', 'Descanso por agotamiento', 43),
('2024-09-01', '2024-09-08', 'Escapada romántica', 44),
('2024-10-05', '2024-10-12', 'Viaje de descanso', 45),
('2024-11-01', '2024-11-08', 'Vacaciones anuales', 46),
('2024-12-15', '2024-12-22', 'Reunión familiar', 47),
('2024-01-05', '2024-01-12', 'Vacaciones largas', 48),
('2024-02-05', '2024-02-12', 'Viaje a la playa', 49),
('2024-03-15', '2024-03-22', 'Recuperación de salud', 50);

insert into bonificacion_descuento (porcentaje, descripcion, estado, tipo) values
(10.00, 'Bonificación por desempeño', 'Activo', 'Bonificación'),
(5.00, 'Descuento por volumen de compra', 'Activo', 'Descuento'),
(15.00, 'Bonificación anual por fidelidad', 'Activo', 'Bonificación'),
(7.50, 'Descuento en compras de equipo', 'Activo', 'Descuento'),
(20.00, 'Bonificación por cumplimiento de metas', 'Activo', 'Bonificación'),
(3.00, 'Descuento por pago anticipado', 'Activo', 'Descuento'),
(8.00, 'Bonificación por horas extras', 'Activo', 'Bonificación'),
(10.00, 'Descuento en compras mayores a 100 unidades', 'Activo', 'Descuento'),
(5.50, 'Bonificación por trabajo en feriado', 'Activo', 'Bonificación'),
(4.00, 'Descuento por compras recurrentes', 'Activo', 'Descuento'),
(12.00, 'Bonificación de fin de año', 'Activo', 'Bonificación'),
(6.00, 'Descuento por compra de productos ecológicos', 'Activo', 'Descuento'),
(18.00, 'Bonificación por rendimiento excepcional', 'Activo', 'Bonificación'),
(2.00, 'Descuento por recomendación de nuevos clientes', 'Activo', 'Descuento'),
(9.00, 'Bonificación por antigüedad', 'Activo', 'Bonificación'),
(11.00, 'Descuento por pago en efectivo', 'Activo', 'Descuento'),
(4.50, 'Bonificación por superación de objetivos', 'Activo', 'Bonificación'),
(14.00, 'Descuento en compras de temporada', 'Activo', 'Descuento'),
(10.50, 'Bonificación por cumplimiento de horas laborales', 'Activo', 'Bonificación'),
(7.00, 'Descuento por compra de productos a granel', 'Activo', 'Descuento'),
(6.50, 'Bonificación por participación en proyectos especiales', 'Activo', 'Bonificación'),
(8.50, 'Descuento por compra en línea', 'Activo', 'Descuento'),
(5.00, 'Bonificación por excelencia en servicio al cliente', 'Activo', 'Bonificación'),
(3.50, 'Descuento por suscripción a newsletter', 'Activo', 'Descuento'),
(16.00, 'Bonificación por desempeño sobresaliente', 'Activo', 'Bonificación'),
(4.00, 'Descuento por compras fuera de temporada', 'Activo', 'Descuento'),
(13.00, 'Bonificación por participación en capacitaciones', 'Activo', 'Bonificación'),
(9.50, 'Descuento en productos nuevos', 'Activo', 'Descuento'),
(7.00, 'Bonificación por eficiencia operativa', 'Activo', 'Bonificación'),
(5.00, 'Descuento por referir a un amigo', 'Activo', 'Descuento'),
(10.00, 'Bonificación por mejora continua', 'Activo', 'Bonificación'),
(6.00, 'Descuento por compra al por mayor', 'Activo', 'Descuento'),
(15.00, 'Bonificación por liderazgo', 'Activo', 'Bonificación'),
(2.50, 'Descuento por compras durante fechas especiales', 'Activo', 'Descuento'),
(12.50, 'Bonificación por productividad', 'Activo', 'Bonificación'),
(3.50, 'Descuento por retorno de productos', 'Activo', 'Descuento'),
(14.00, 'Bonificación por innovación', 'Activo', 'Bonificación'),
(9.00, 'Descuento por compras ecológicas', 'Activo', 'Descuento'),
(8.00, 'Bonificación por participación en eventos de la empresa', 'Activo', 'Bonificación'),
(4.00, 'Descuento por pagos recurrentes', 'Activo', 'Descuento'),
(16.50, 'Bonificación por resultados trimestrales', 'Activo', 'Bonificación'),
(6.00, 'Descuento por registro en la página web', 'Activo', 'Descuento'),
(11.00, 'Bonificación por trabajo en equipo', 'Activo', 'Bonificación'),
(13.50, 'Descuento por compras en cantidades específicas', 'Activo', 'Descuento'),
(5.00, 'Bonificación por sugerencias de mejora', 'Activo', 'Bonificación'),
(7.00, 'Descuento por pago rápido', 'Activo', 'Descuento'),
(10.50, 'Bonificación por fidelidad a la marca', 'Activo', 'Bonificación'),
(9.00, 'Descuento por clientes preferenciales', 'Activo', 'Descuento');

insert into pagos_empleados (fecha_pago, total_pagado, id_empleado, id_bonificacion_descuento) values
('2024-11-01', 1500.00, 1, 1),  -- Pago por empleado 1 con bonificación por desempeño
('2024-11-01', 1400.00, 2, 2),  -- Pago por empleado 2 con descuento por volumen de compra
('2024-11-01', 1600.00, 3, 3),  -- Pago por empleado 3 con bonificación anual por fidelidad
('2024-11-01', 1450.00, 4, 4),  -- Pago por empleado 4 con descuento en compras de equipo
('2024-11-01', 1800.00, 5, 5),  -- Pago por empleado 5 con bonificación por cumplimiento de metas
('2024-11-01', 1300.00, 6, 6),  -- Pago por empleado 6 con descuento por pago anticipado
('2024-11-01', 1550.00, 7, 7),  -- Pago por empleado 7 con bonificación por horas extras
('2024-11-01', 1200.00, 8, 8),  -- Pago por empleado 8 con descuento por compras mayores a 100 unidades
('2024-11-01', 1700.00, 9, 9),  -- Pago por empleado 9 con bonificación por trabajo en feriado
('2024-11-01', 1100.00, 10, 10), -- Pago por empleado 10 con descuento por compras recurrentes
('2024-11-01', 1600.00, 11, 11), -- Pago por empleado 11 con bonificación de fin de año
('2024-11-01', 1400.00, 12, 12), -- Pago por empleado 12 con descuento por compra de productos ecológicos
('2024-11-01', 1850.00, 13, 13), -- Pago por empleado 13 con bonificación por rendimiento excepcional
('2024-11-01', 1250.00, 14, 14), -- Pago por empleado 14 con descuento por recomendación de nuevos clientes
('2024-11-01', 1350.00, 15, 15), -- Pago por empleado 15 con bonificación por antigüedad
('2024-11-01', 1150.00, 16, 16), -- Pago por empleado 16 con descuento por pago en efectivo
('2024-11-01', 1450.00, 17, 17), -- Pago por empleado 17 con bonificación por superación de objetivos
('2024-11-01', 1300.00, 18, 18), -- Pago por empleado 18 con descuento por compras fuera de temporada
('2024-11-01', 1500.00, 19, 19), -- Pago por empleado 19 con bonificación por cumplimiento de horas laborales
('2024-11-01', 1250.00, 20, 20), -- Pago por empleado 20 con descuento por compra de productos a granel
('2024-11-01', 1600.00, 21, 21), -- Pago por empleado 21 con bonificación por participación en proyectos especiales
('2024-11-01', 1400.00, 22, 22), -- Pago por empleado 22 con descuento por compra en línea
('2024-11-01', 1750.00, 23, 23), -- Pago por empleado 23 con bonificación por excelencia en servicio al cliente
('2024-11-01', 1200.00, 24, 24), -- Pago por empleado 24 con descuento por suscripción a newsletter
('2024-11-01', 1550.00, 25, 25), -- Pago por empleado 25 con bonificación por desempeño sobresaliente
('2024-11-01', 1300.00, 26, 26), -- Pago por empleado 26 con descuento por compras ecológicas
('2024-11-01', 1650.00, 27, 27), -- Pago por empleado 27 con bonificación por participación en capacitaciones
('2024-11-01', 1400.00, 28, 28), -- Pago por empleado 28 con descuento por retorno de productos
('2024-11-01', 1600.00, 29, 29), -- Pago por empleado 29 con bonificación por innovación
('2024-11-01', 1500.00, 30, 30), -- Pago por empleado 30 con descuento por compras en cantidades específicas
('2024-11-01', 1800.00, 31, 31), -- Pago por empleado 31 con bonificación por trabajo en equipo
('2024-11-01', 1250.00, 32, 32), -- Pago por empleado 32 con descuento por pagos recurrentes
('2024-11-01', 1750.00, 33, 33), -- Pago por empleado 33 con bonificación por resultados trimestrales
('2024-11-01', 1350.00, 34, 34), -- Pago por empleado 34 con descuento por registro en la página web
('2024-11-01', 1500.00, 35, 35), -- Pago por empleado 35 con bonificación por liderazgo
('2024-11-01', 1450.00, 36, 36), -- Pago por empleado 36 con descuento por clientes preferenciales
('2024-11-01', 1700.00, 37, 37), -- Pago por empleado 37 con bonificación por productividad
('2024-11-01', 1200.00, 38, 38), -- Pago por empleado 38 con descuento por productos nuevos
('2024-11-01', 1600.00, 39, 39), -- Pago por empleado 39 con bonificación por fidelidad a la marca
('2024-11-01', 1300.00, 40, 40), -- Pago por empleado 40 con descuento por compra al por mayor
('2024-11-01', 1750.00, 41, 41), -- Pago por empleado 41 con bonificación por resultados excepcionales
('2024-11-01', 1250.00, 42, 42); -- Pago por empleado 42 con descuento por compra en línea


insert into registro_envio (id_transporte, id_empleado, pais, ciudad, pueblo, fecha_salida, fecha_llegada, problema_envio, descripcion_problema, precio_total_envio, porcentaje_envio, id_metodo_pago) 
values
(1, 1, 'Ecuador', 'Quito', 'Cumbayá', '2024-11-01', '2024-11-03', 0, NULL, 500.00, 5.00, 1),
(2, 2, 'Perú', 'Lima', 'San Isidro', '2024-11-02', '2024-11-04', 0, NULL, 600.00, 10.00, 2),
(3, 3, 'Colombia', 'Bogotá', 'Chapinero', '2024-11-03', '2024-11-05', 0, NULL, 550.00, 8.00, 3),
(4, 4, 'Venezuela', 'Caracas', 'El Hatillo', '2024-11-04', '2024-11-06', 1, 'se averio el camion', 450.00, 12.00, 4),
(5, 5, 'Brasil', 'São Paulo', 'Itaim Bibi', '2024-11-05', '2024-11-07', 0, NULL, 700.00, 6.00, 5),
(6, 6, 'Chile', 'Santiago', 'Providencia', '2024-11-06', '2024-11-08', 0, NULL, 620.00, 7.00, 6),
(7, 7, 'Argentina', 'Buenos Aires', 'Palermo', '2024-11-07', '2024-11-09', 0, NULL, 550.00, 15.00, 7),
(8, 8, 'México', 'Ciudad de México', 'Coyoacán', '2024-11-08', '2024-11-10', 0, NULL, 480.00, 5.00, 8),
(9, 9, 'Bolivia', 'La Paz', 'Centro', '2024-11-09', '2024-11-11', 0, null, 530.00, 9.00, 9),
(10, 10, 'Paraguay', 'Asunción', 'Villa Morra', '2024-11-10', '2024-11-12', 0, NULL, 510.00, 6.00, 10),
(11, 11, 'Uruguay', 'Montevideo', 'Punta Carretas', '2024-11-11', '2024-11-13', 0, NULL, 600.00, 8.00, 11),
(12, 12, 'Honduras', 'Tegucigalpa', 'La Esperanza', '2024-11-12', '2024-11-14', 0, NULL, 600.00, 8.00, 12),
(13, 13, 'El Salvador', 'San Salvador', 'Antiguo Cuscatlán', '2024-11-13', '2024-11-15', 1, 'conductor enfermo', 650.00, 10.00, 13),
(14, 14, 'Guatemala', 'Ciudad de Guatemala', 'Zona 10', '2024-11-14', '2024-11-16', 0, NULL, 560.00, 6.00, 14),
(15, 15, 'Nicaragua', 'Managua', 'Las Colinas', '2024-11-15', '2024-11-17', 0, NULL, 480.00, 7.00, 15),
(16, 16, 'Costa Rica', 'San José', 'Escazú', '2024-11-16', '2024-11-18', 0, NULL, 550.00, 6.00, 16),
(17, 17, 'Panamá', 'Ciudad de Panamá', 'Obarrio', '2024-11-17', '2024-11-19', 0, NULL, 600.00, 10.00, 17),
(18, 18, 'República Dominicana', 'Santo Domingo', 'Piantini', '2024-11-18', '2024-11-20', 0, NULL, 670.00, 6.00, 18),
(19, 19, 'Jamaica', 'Kingston', 'New Kingston', '2024-11-19', '2024-11-21', 0, NULL, 530.00, 12.00, 19),
(20, 20, 'Belice', 'Belmopan', 'Saint Matthew', '2024-11-20', '2024-11-22', 1, 'se pincho el neumatico del camion', 490.00, 9.00, 20),
(21, 21, 'Trinidad y Tobago', 'Puerto España', 'Curepe', '2024-11-21', '2024-11-23', 0, NULL, 540.00, 10.00, 21),
(22, 22, 'Guyana', 'Georgetown', 'Campbellville', '2024-11-22', '2024-11-24', 0, NULL, 560.00, 8.00, 22),
(23, 23, 'Surinam', 'Paramaribo', 'Uitkijk', '2024-11-23', '2024-11-25', 0, NULL, 510.00, 9.00, 23),
(24, 24, 'Paraguay', 'Encarnación', 'Centro', '2024-11-24', '2024-11-26', 0, NULL, 530.00, 7.00, 24),
(25, 25, 'Ecuador', 'Cuenca', 'El Cajas', '2024-11-25', '2024-11-27', 1, 'problemas en la via', 490.00, 8.00, 25),
(26, 26, 'Perú', 'Arequipa', 'Yanahuara', '2024-11-26', '2024-11-28', 0, NULL, 560.00, 6.00, 26),
(27, 27, 'Colombia', 'Medellín', 'El Poblado', '2024-11-27', '2024-11-29', 0, NULL, 620.00, 10.00, 27),
(28, 28, 'Venezuela', 'Maracaibo', 'La Rosaleda', '2024-11-28', '2024-11-30', 0, NULL, 480.00, 7.00, 28),
(29, 29, 'Brasil', 'Río de Janeiro', 'Copacabana', '2024-11-29', '2024-12-01', 0, NULL, 550.00, 9.00, 29),
(30, 30, 'Chile', 'Valparaíso', 'Viña del Mar', '2024-11-30', '2024-12-02', 0, NULL, 670.00, 10.00, 30),
(31, 31, 'Argentina', 'Mendoza', 'Chacras de Coria', '2024-12-01', '2024-12-03', 0, NULL, 640.00, 8.00, 31),
(32, 32, 'México', 'Monterrey', 'San Pedro', '2024-12-02', '2024-12-04', 0, NULL, 580.00, 12.00, 32),
(33, 33, 'Bolivia', 'Santa Cruz', 'El Parque', '2024-12-03', '2024-12-05', 0, NULL, 540.00, 6.00, 33),
(34, 34, 'Paraguay', 'Ciudad del Este', 'Acaray', '2024-12-04', '2024-12-06', 0, NULL, 620.00, 10.00, 34),
(35, 35, 'Uruguay', 'Salto', 'Centro', '2024-12-05', '2024-12-07', 1, 'problema con el motor del vehiculo', 600.00, 9.00, 35),
(36, 36, 'Honduras', 'San Pedro Sula', 'Barrio Rio Nance', '2024-12-06', '2024-12-08', 0, NULL, 560.00, 8.00, 36),
(37, 37, 'El Salvador', 'Santa Ana', 'El Sol', '2024-12-07', '2024-12-09', 0, NULL, 540.00, 10.00, 37),
(38, 38, 'Guatemala', 'Chimaltenango', 'El Tejar', '2024-12-08', '2024-12-10', 0, NULL, 510.00, 6.00, 38),
(39, 39, 'Nicaragua', 'León', 'Calle Real', '2024-12-09', '2024-12-11', 0, NULL, 520.00, 9.00, 39),
(40, 40, 'Costa Rica', 'Alajuela', 'La Guácima', '2024-12-10', '2024-12-12', 0, NULL, 530.00, 10.00, 40),
(41, 41, 'Panamá', 'Colón', 'Portobelo', '2024-12-11', '2024-12-13', 0, NULL, 550.00, 8.00, 41),
(42, 42, 'República Dominicana', 'Santiago', 'Los Jardines', '2024-12-12', '2024-12-14', 0, NULL, 560.00, 6.00, 42),
(43, 43, 'Jamaica', 'Montego Bay', 'Falmouth', '2024-12-13', '2024-12-15', 0, NULL, 580.00, 9.00, 43),
(44, 44, 'Belice', 'Corozal', 'San Joaquín', '2024-12-14', '2024-12-16', 0, NULL, 590.00, 7.00, 44),
(45, 45, 'Trinidad y Tobago', 'San Fernando', 'Fyzabad', '2024-12-15', '2024-12-17', 0, NULL, 600.00, 8.00, 45),
(46, 46, 'Guyana', 'Linden', 'Timehri', '2024-12-16', '2024-12-18', 0, NULL, 610.00, 9.00, 46),
(47, 47, 'Surinam', 'Nieuw Nickerie', 'Koudron', '2024-12-17', '2024-12-19', 0, NULL, 620.00, 10.00, 47),
(48, 48, 'Paraguay', 'Caaguazú', 'San Juan', '2024-12-18', '2024-12-20', 0, NULL, 630.00, 6.00, 48),
(49, 49, 'Ecuador', 'Ambato', 'Pasa', '2024-12-19', '2024-12-21', 0, NULL, 640.00, 10.00, 49),
(50, 50, 'Perú', 'Ica', 'Pisco', '2024-12-20', '2024-12-22', 0, NULL, 650.00, 7.00, 50);


insert into procesos (fecha_inicio, fecha_fin, caracteristicas, producto_esperado, problema_proceso, descripcion_problema, id_maquinaria, id_area_finca, id_empleado) 
values
('2024-11-01', '2024-11-05', 'Cosecha de cacao para subproductos', 'Granos de cacao', 0, NULL, 1, 1, 1),
('2024-11-06', '2024-11-10', 'Fermentación de granos de cacao', 'Cacao fermentado', 0, NULL, 2, 1, 2),
('2024-11-11', '2024-11-15', 'Secado de granos de cacao', 'Granos de cacao secos', 0, NULL, 3, 1, 3),
('2024-11-16', '2024-11-20', 'Descascarado de granos de cacao', 'Granos de cacao descascarados', 0, NULL, 4, 1, 4),
('2024-11-21', '2024-11-25', 'Molienda de cacao para manteca', 'Manteca de cacao', 0, NULL, 5, 1, 5),
('2024-11-26', '2024-11-30', 'Molienda de cacao para harina', 'Harina de cacao', 0, NULL, 6, 1, 6),
('2024-12-01', '2024-12-05', 'Extracción de cacao en polvo', 'Cacao en polvo', 0, NULL, 7, 1, 7),
('2024-12-06', '2024-12-10', 'Extracción de aceite de cacao', 'Aceite de cacao', 0, NULL, 8, 1, 8),
('2024-12-11', '2024-12-15', 'Procesamiento de cáscara de cacao para abono', 'Abono de cáscara de cacao', 0, NULL, 9, 2, 9),
('2024-12-16', '2024-12-20', 'Filtración y empaquetado de manteca', 'Manteca de cacao empaquetada', 0, NULL, 10, 2, 10),
('2024-12-21', '2024-12-25', 'Filtración y empaquetado de harina', 'Harina de cacao empaquetada', 0, NULL, 11, 2, 11),
('2024-12-26', '2024-12-30', 'Filtración y empaquetado de cacao en polvo', 'Cacao en polvo empaquetado', 0, NULL, 12, 2, 12),
('2025-01-01', '2025-01-05', 'Filtración y empaquetado de aceite de cacao', 'Aceite de cacao empaquetado', 0, NULL, 13, 2, 13),
('2025-01-06', '2025-01-10', 'Almacenaje de los subproductos', 'Subproductos almacenados', 0, NULL, 14, 3, 14),
('2025-01-11', '2025-01-15', 'Transporte de subproductos', 'Subproductos transportados', 0, NULL, 15, 3, 15),
('2025-01-16', '2025-01-20', 'Distribución de subproductos', 'Subproductos distribuidos', 0, NULL, 16, 4, 16),
('2025-01-21', '2025-01-25', 'Mantenimiento de maquinaria para subproductos', 'Maquinaria operativa', 1, 'Problema con el motor de molienda', 17, 5, 17),
('2025-01-26', '2025-01-30', 'Revisión y control de calidad de subproductos', 'Subproductos certificados', 0, NULL, 18, 5, 18),
('2025-01-31', '2025-02-04', 'Monitoreo de proceso de extracción de manteca', 'Manteca de cacao extraída con éxito', 1, 'Problema con la temperatura de extracción', 19, 6, 19),
('2025-02-05', '2025-02-09', 'Monitoreo de proceso de extracción de cacao en polvo', 'Cacao en polvo extraído correctamente', 0, NULL, 20, 6, 20),
('2025-02-10', '2025-02-14', 'Monitoreo de proceso de extracción de aceite de cacao', 'Aceite de cacao extraído correctamente', 0, NULL, 21, 7, 21),
('2025-02-15', '2025-02-19', 'Revisión de cáscaras de cacao para abono', 'Abono de cáscara de cacao de buena calidad', 1, 'La trituradora se detuvo durante la operación', 22, 8, 22),
('2025-02-20', '2025-02-24', 'Revisión de calidad de subproductos finales', 'Subproductos listos para ser vendidos', 0, NULL, 23, 9, 23),
('2025-02-25', '2025-02-28', 'Cierre de producción', 'Proceso de producción completado', 0, NULL, 24, 9, 24),
('2025-03-01', '2025-03-05', 'Revisión general de maquinaria y áreas de finca', 'Maquinaria en condiciones óptimas', 0, NULL, 25, 10, 25),
('2025-03-06', '2025-03-10', 'Molienda de cacao para obtener manteca', 'Manteca de cacao', 0, NULL, 26, 1, 26),
('2025-03-11', '2025-03-15', 'Molienda de cacao para obtener cacao en polvo', 'Cacao en polvo', 1, 'La molienda no fue consistente, necesita ajuste', 27, 2, 27),
('2025-03-16', '2025-03-20', 'Transporte de subproductos a centro de distribución', 'Subproductos en tránsito', 0, NULL, 28, 3, 28),
('2025-03-21', '2025-03-25', 'Verificación de la calidad del cacao', 'Cacao de alta calidad', 0, NULL, 29, 4, 29),
('2025-03-26', '2025-03-30', 'Proceso de empaque de cacao', 'Cacao empaquetado', 0, NULL, 30, 5, 30),
('2025-04-01', '2025-04-05', 'Mantenimiento preventivo de maquinaria', 'Máquinas en perfecto estado', 0, NULL, 31, 6, 31),
('2025-04-06', '2025-04-10', 'Limpieza y almacenamiento de maquinaria', 'Maquinaria limpia y almacenada', 0, NULL, 32, 7, 32),
('2025-04-11', '2025-04-15', 'Monitoreo de cáscaras para abono', 'Abono preparado', 1, 'Problemas con la humedad durante el proceso de secado', 33, 8, 33),
('2025-04-16', '2025-04-20', 'Mantenimiento de equipo de molienda', 'Equipo de molienda en óptimas condiciones', 0, NULL, 34, 9, 34),
('2025-04-21', '2025-04-25', 'Revisión del proceso de extracción de aceite', 'Aceite de cacao puro', 1, 'Fugas detectadas en el equipo de presión', 35, 10, 35),
('2025-04-26', '2025-04-30', 'Revisión de calidad final de subproductos', 'Subproductos aprobados', 0, NULL, 36, 11, 36),
('2025-05-01', '2025-05-05', 'Revisión del proceso de fermentación', 'Cacao fermentado correctamente', 0, NULL, 37, 12, 37),
('2025-05-06', '2025-05-10', 'Monitoreo del proceso de secado', 'Cacao secado correctamente', 0, NULL, 38, 13, 38),
('2025-05-11', '2025-05-15', 'Monitoreo de la molienda', 'Cacao molido finamente', 1, 'El molino no molió uniformemente', 39, 14, 39),
('2025-05-16', '2025-05-20', 'Preparación para empaquetado de cacao en polvo', 'Cacao en polvo listo para empaquetar', 0, NULL, 40, 15, 40);


insert into productos (nombre, empaque, stock, precio, peso, unidad_de_medida, fecha_vencimiento, fecha_produccion, id_proceso) 
values
('Granos de cacao', 'Bolsa de 10kg', 1000, 25.00, 10.00, 'kg', '2025-12-31', '2024-11-05', 1),
('Cacao fermentado', 'Saco de 5kg', 800, 35.00, 5.00, 'kg', '2025-12-31', '2024-11-10', 2),
('Cacao seco', 'Saco de 5kg', 600, 40.00, 5.00, 'kg', '2025-12-31', '2024-11-15', 3),
('Cacao descascarado', 'Caja de 2kg', 450, 50.00, 2.00, 'kg', '2025-12-31', '2024-11-20', 4),
('Manteca de cacao', 'Lata de 1kg', 500, 75.00, 1.00, 'kg', '2026-01-31', '2024-11-25', 5),
('Harina de cacao', 'Bolsa de 2kg', 400, 55.00, 2.00, 'kg', '2026-01-31', '2024-11-30', 6),
('Cacao en polvo', 'Caja de 500g', 1000, 20.00, 0.50, 'kg', '2026-01-31', '2024-12-05', 7),
('Aceite de cacao', 'Botella de 500ml', 200, 80.00, 0.50, 'L', '2026-02-28', '2024-12-10', 8),
('Abono de cáscara de cacao', 'Saco de 20kg', 1500, 15.00, 20.00, 'kg', '2025-12-31', '2024-12-15', 9),
('Manteca de cacao empaquetada', 'Caja de 12 unidades', 350, 85.00, 12.00, 'kg', '2026-01-31', '2024-12-20', 10),
('Harina de cacao empaquetada', 'Caja de 12 unidades', 200, 60.00, 12.00, 'kg', '2026-01-31', '2024-12-25', 11),
('Cacao en polvo empaquetado', 'Caja de 12 unidades', 500, 22.00, 6.00, 'kg', '2026-01-31', '2024-12-30', 12),
('Aceite de cacao empaquetado', 'Caja de 12 unidades', 150, 90.00, 6.00, 'L', '2026-02-28', '2025-01-05', 13),
('Subproductos almacenados', 'Saco de 50kg', 1000, 30.00, 50.00, 'kg', '2025-12-31', '2025-01-10', 14),
('Subproductos transportados', 'Caja de 10kg', 800, 60.00, 10.00, 'kg', '2025-12-31', '2025-01-15', 15),
('Subproductos distribuidos', 'Caja de 10kg', 600, 65.00, 10.00, 'kg', '2025-12-31', '2025-01-20', 16),
('Cacao en polvo limpio', 'Saco de 5kg', 700, 45.00, 5.00, 'kg', '2025-12-31', '2025-01-25', 17),
('Cacao seco molido', 'Saco de 5kg', 650, 60.00, 5.00, 'kg', '2025-12-31', '2025-02-05', 18),
('Granos de cacao almacenados', 'Caja de 10kg', 500, 30.00, 10.00, 'kg', '2025-12-31', '2025-02-10', 19),
('Cacao en polvo empaquetado', 'Caja de 3kg', 450, 70.00, 3.00, 'kg', '2026-02-28', '2025-02-15', 20),
('Cacao en polvo extra', 'Caja de 1kg', 300, 50.00, 1.00, 'kg', '2026-02-28', '2025-02-20', 21),
('Aceite de cacao extra', 'Botella de 250ml', 200, 40.00, 0.25, 'L', '2026-03-31', '2025-02-25', 22),
('Manteca de cacao pura', 'Saco de 20kg', 350, 80.00, 20.00, 'kg', '2026-01-31', '2025-03-01', 23),
('Manteca de cacao refinada', 'Saco de 15kg', 300, 90.00, 15.00, 'kg', '2026-02-28', '2025-03-05', 24),
('Cacao en polvo sin azúcar', 'Saco de 5kg', 400, 75.00, 5.00, 'kg', '2026-01-31', '2025-03-10', 25),
('Aceite de cacao puro', 'Botella de 1L', 250, 100.00, 1.00, 'L', '2026-03-31', '2025-03-15', 26),
('Cacao en polvo para repostería', 'Bolsa de 1kg', 600, 25.00, 1.00, 'kg', '2025-12-31', '2025-03-20', 27),
('Harina de cacao fina', 'Bolsa de 500g', 450, 40.00, 0.50, 'kg', '2025-12-31', '2025-03-25', 28),
('Manteca de cacao orgánica', 'Lata de 500g', 500, 50.00, 0.50, 'kg', '2026-01-31', '2025-03-30', 29),
('Cacao semiamargo', 'Caja de 1kg', 800, 55.00, 1.00, 'kg', '2026-02-28', '2025-04-05', 30),
('Cacao en polvo puro', 'Bolsa de 500g', 750, 45.00, 0.50, 'kg', '2025-12-31', '2025-04-10', 31),
('Cacao en pasta', 'Saco de 10kg', 550, 100.00, 10.00, 'kg', '2025-12-31', '2025-04-15', 32),
('Manteca de cacao orgánica', 'Saco de 5kg', 450, 85.00, 5.00, 'kg', '2026-01-31', '2025-04-20', 33),
('Harina de cacao para repostería', 'Bolsa de 1kg', 600, 30.00, 1.00, 'kg', '2025-12-31', '2025-04-25', 34),
('Cacao fino', 'Caja de 5kg', 450, 120.00, 5.00, 'kg', '2026-01-31', '2025-05-01', 35),
('Cacao de calidad exportación', 'Caja de 5kg', 300, 150.00, 5.00, 'kg', '2026-02-28', '2025-05-05', 36),
('Aceite de cacao refinado', 'Botella de 500ml', 200, 75.00, 0.50, 'L', '2026-03-31', '2025-05-10', 37),
('Granos de cacao premium', 'Saco de 20kg', 100, 50.00, 20.00, 'kg', '2025-12-31', '2025-05-15', 38),
('Cacao amargo', 'Caja de 10kg', 450, 60.00, 10.00, 'kg', '2025-12-31', '2025-05-20', 39),
('Manteca de cacao refinada', 'Saco de 10kg', 350, 95.00, 10.00, 'kg', '2026-01-31', '2025-05-25', 40),
('Cacao en polvo sin azúcar', 'Caja de 2kg', 600, 70.00, 2.00, 'kg', '2025-12-31', '2025-05-30', 10),
('Cacao orgánico', 'Bolsa de 1kg', 500, 40.00, 1.00, 'kg', '2025-12-31', '2025-06-05', 11),
('Cacao natural', 'Caja de 2kg', 700, 50.00, 2.00, 'kg', '2025-12-31', '2025-06-10', 12),
('Manteca de cacao de alta calidad', 'Saco de 5kg', 400, 100.00, 5.00, 'kg', '2026-01-31', '2025-06-15', 8),
('Cacao para consumo en polvo', 'Bolsa de 500g', 750, 30.00, 0.50, 'kg', '2025-12-31', '2025-06-20', 7),
('Cacao finamente molido', 'Saco de 10kg', 600, 80.00, 10.00, 'kg', '2026-02-28', '2025-06-25', 5),
('Manteca de cacao pura', 'Caja de 1kg', 500, 110.00, 1.00, 'kg', '2026-01-31', '2025-06-30', 4),
('Cacao sólido', 'Caja de 10kg', 400, 95.00, 10.00, 'kg', '2025-12-31', '2025-07-05', 1),
('Cacao refinado', 'Bolsa de 5kg', 350, 100.00, 5.00, 'kg', '2026-02-28', '2025-07-10', 2),
('Cacao para chocolate', 'Caja de 5kg', 300, 120.00, 5.00, 'kg', '2025-12-31', '2025-07-15', 1);




-- Inserciones de ventas
insert into ventas (cantidad_producto, total, precio_a_pagar, id_empleado, id_cliente, id_producto, id_descuento, id_envio) 
values
(5, 125.00, 120.00, 1, 1, 1, 1, 1),
(10, 400.00, 380.00, 2, 2, 2, 2, 2),
(2, 70.00, 65.00, 3, 3, 3, 3, 3),
(7, 280.00, 270.00, 4, 4, 4, 4, 4),
(3, 150.00, 140.00, 5, 5, 5, 1, 5),
(12, 600.00, 590.00, 6, 6, 6, 2, 6),
(1, 40.00, 38.00, 7, 7, 7, 1, 7),
(8, 320.00, 310.00, 8, 8, 8, 3, 8),
(4, 160.00, 155.00, 9, 9, 9, 2, 9),
(15, 750.00, 730.00, 10, 10, 10, 3, 10),
(20, 1000.00, 980.00, 11, 11, 11, 1, 11),
(6, 180.00, 170.00, 12, 12, 12, 2, 12),
(9, 360.00, 350.00, 13, 13, 13, 3, 13),
(11, 440.00, 430.00, 14, 14, 14, 1, 14),
(5, 125.00, 120.00, 15, 15, 15, 1, 15),
(10, 500.00, 490.00, 16, 16, 16, 2, 16),
(3, 75.00, 70.00, 17, 17, 17, 3, 17),
(4, 160.00, 155.00, 18, 18, 18, 1, 18),
(14, 700.00, 690.00, 19, 19, 19, 2, 19),
(18, 720.00, 710.00, 20, 20, 20, 1, 20),
(6, 180.00, 175.00, 21, 21, 21, 3, 21),
(2, 60.00, 55.00, 22, 22, 22, 1, 22),
(16, 640.00, 630.00, 23, 23, 23, 2, 23),
(5, 125.00, 120.00, 24, 24, 24, 3, 24),
(13, 520.00, 510.00, 25, 25, 25, 1, 25),
(7, 210.00, 200.00, 26, 26, 26, 2, 26),
(3, 90.00, 85.00, 27, 27, 27, 3, 27),
(8, 320.00, 310.00, 28, 28, 28, 1, 28),
(4, 160.00, 150.00, 29, 29, 29, 2, 29),
(9, 450.00, 440.00, 30, 30, 30, 3, 30),
(2, 50.00, 45.00, 31, 31, 31, 1, 31),
(11, 550.00, 540.00, 32, 32, 32, 2, 32);
-- Inserciones para la tabla monitoreos
INSERT INTO monitoreos (fecha_monitoreo, descripcion_resultado, observaciones, frecuencia, id_cuidado_cultivo, id_empleado) VALUES
('2024-06-15', 'Observación de Mildiu en algunas plantas', 'Aplicación de fungicida en plantas afectadas', 'Mensual', 1, 1),
('2024-07-10', 'Infección por Roya en área 5', 'Recomendada otra aplicación de fungicida', 'Mensual', 2, 2),
('2024-08-05', 'Revisión de Bacterial Blight', 'Necesita poda de ramas infectadas', 'Quincenal', 3, 3),
('2024-09-01', 'Monitoreo de Mosaic Virus', 'Plantas afectadas requieren eliminación', 'Mensual', 4, 4),
('2024-09-10', 'Escoba de bruja detectada', 'Aplicación de fungicida recomendada', 'Mensual', 5, 5),
('2024-10-01', 'Rizobacteriosis detectada en raíces', 'Tratamiento con antibiótico', 'Quincenal', 6, 6),
('2024-10-05', 'Podredumbre gris en frutos', 'Requiere recolección y desecho inmediato', 'Mensual', 7, 7),
('2024-10-15', 'Cochinilla en plantas', 'Aplicar insecticida en las áreas afectadas', 'Mensual', 8, 8),
('2024-10-20', 'Gusano barrenador detectado', 'Plantas afectadas deben ser tratadas con nematicida', 'Mensual', 9, 9),
('2024-11-01', 'Septoria en hojas', 'Requiere tratamiento fungicida', 'Mensual', 10, 10),
('2024-11-10', 'Yellowing por Panama Disease', 'Eliminar plantas infectadas', 'Mensual', 11, 11),
('2024-12-01', 'Cáncer bacteriano en tronco', 'Realizar corte de las áreas afectadas', 'Mensual', 12, 12),
('2024-12-05', 'Cenicilla en plantas', 'Aplicar fungicida a las hojas afectadas', 'Mensual', 13, 13),
('2024-12-10', 'Tizón detectado en hojas', 'Eliminación de hojas dañadas y aplicación de fungicida', 'Mensual', 14, 14),
('2025-01-05', 'Chlorosis debido a falta de nutrientes', 'Fertilización recomendada', 'Mensual', 15, 15),
('2024-06-15', 'Aplicación exitosa', 'Cuidado realizado con precisión', 'Mensual', 1, 1),
('2024-06-20', 'Aplicación efectiva', 'Sin incidencias', 'Mensual', 2, 2),
('2024-07-01', 'Requiere repetición', 'Falta de humedad en la planta', 'Mensual', 3, 3),
('2024-07-10', 'Cuidado satisfactorio', 'Sin problemas observados', 'Quincenal', 4, 4),
('2024-07-15', 'Aplicación exitosa', 'Plantas saludables', 'Mensual', 5, 5),
('2024-07-18', 'Aplicación eficaz', 'Aumento de crecimiento en las plantas', 'Mensual', 6, 6),
('2024-08-01', 'No requiere repetición', 'Plantas se desarrollan adecuadamente', 'Mensual', 7, 7),
('2024-08-05', 'No hubo cambios significativos', 'Condiciones favorables', 'Mensual', 8, 8),
('2024-08-10', 'Necesita más agua', 'Plantas sufren por la sequía', 'Mensual', 9, 9),
('2024-08-12', 'Plantas fuertes', 'Observadas sin plagas', 'Mensual', 10, 10),
('2024-08-20', 'Condiciones ideales', 'Crecimiento notable', 'Quincenal', 11, 11),
('2024-08-25', 'Observación regular', 'No hay problemas detectados', 'Mensual', 12, 12),
('2024-09-01', 'Control adecuado', 'Buen estado en todas las plantas', 'Mensual', 13, 13),
('2024-09-05', 'Falta de nutrientes', 'Crecimiento más lento', 'Mensual', 14, 14),
('2024-09-10', 'Aplicación exitosa', 'Plantas saludables y en crecimiento', 'Mensual', 15, 15),
('2024-09-12', 'Requiere más fertilizante', 'Algunas plantas muestran debilidad', 'Mensual', 16, 16),
('2024-09-15', 'Crecimiento estable', 'Cuidado constante realizado', 'Mensual', 17, 17),
('2024-09-18', 'Requiere más tiempo de cuidado', 'Plantas crecen lentamente', 'Mensual', 18, 18),
('2024-10-01', 'Condiciones óptimas', 'Plantas bien desarrolladas', 'Mensual', 19, 19),
('2024-10-05', 'Falta de agua en algunas áreas', 'Requiere revisión de riego', 'Mensual', 20, 20),
('2024-10-10', 'Requiere más cuidados', 'Falta de control sobre las plagas', 'Mensual', 21, 21),
('2024-10-12', 'Aplicación correcta', 'Plantas saludables y sin plagas', 'Mensual', 22, 22),
('2024-10-15', 'Requiere más atención', 'Algunas áreas presentan problemas', 'Mensual', 23, 23),
('2024-10-20', 'Adecuada aplicación', 'Plantas fuertes y productivas', 'Mensual', 24, 24),
('2024-10-22', 'Observación positiva', 'Sin plagas y buen crecimiento', 'Mensual', 25, 25),
('2024-11-01', 'Control en condiciones ideales', 'Crecimiento esperado', 'Mensual', 26, 26),
('2024-11-05', 'Observación regular', 'Condiciones satisfactorias', 'Mensual', 27, 27),
('2024-11-10', 'Requiere mayor atención', 'Algunas plantas están débiles', 'Mensual', 28, 28),
('2024-11-12', 'Crecimiento satisfactorio', 'Plantas en buen estado', 'Mensual', 29, 29),
('2024-11-15', 'Cuidado adecuado', 'Sin incidencias', 'Mensual', 30, 30),
('2024-11-18', 'Problemas de riego detectados', 'Algunas plantas no se desarrollan bien', 'Mensual', 31, 31),
('2024-11-20', 'Aplicación eficiente', 'Plantas mejorando', 'Mensual', 32, 32),
('2024-11-25', 'Sin problemas detectados', 'Todo en orden', 'Mensual', 33, 33),
('2024-12-01', 'Requiere mayor fertilización', 'Plantas lentas en crecimiento', 'Mensual', 34, 34),
('2024-12-05', 'Crecimiento normal', 'Sin plagas ni deficiencias', 'Mensual', 35, 35),
('2024-12-10', 'Requiere atención', 'Falta de nutrientes en algunas plantas', 'Mensual', 36, 36),
('2024-12-12', 'Cuidado exitoso', 'Crecimiento saludable', 'Mensual', 37, 37),
('2024-12-15', 'Observación positiva', 'Plantas sin daños', 'Mensual', 38, 38),
('2024-12-18', 'Crecimiento lento', 'Requiere mayor cuidado en riego', 'Mensual', 39, 39),
('2024-12-20', 'Problemas de plagas', 'Se debe aplicar tratamiento', 'Mensual', 40, 40),
('2024-12-22', 'Control satisfactorio', 'Sin daños visibles', 'Mensual', 41, 41),
('2024-12-25', 'Observación de crecimiento', 'Plantas sin problemas mayores', 'Mensual', 42, 42),
('2024-12-30', 'Aplicación exitosa', 'Plantas crecen saludablemente', 'Mensual', 43, 43);


-- Inserciones para la tabla plantas_enfermas
INSERT INTO plantas_enfermas (estado, tipo_enfermedad, nombre_enfermedad, descripcion, fecha_entrada, fecha_salida, numero_surco_ubicacion, numero_planta_ubicacion, id_monitoreo) VALUES
('Enferma', 'Fúngica', 'Mildiu', 'Hongo que afecta a las hojas', '2024-06-10', '2024-06-20', 3, 12, 1),
('Enferma', 'Fúngica', 'Roya', 'Hongo que afecta a las hojas y tallos', '2024-07-12', '2024-07-25', 5, 20, 2),
('Enferma', 'Bacteriana', 'Bacterial Blight', 'Infección bacteriana en la planta', '2024-08-05', '2024-08-15', 8, 15, 3),
('Enferma', 'Virus', 'Mosaic Virus', 'Virus que causa deformación en hojas', '2024-09-01', '2024-09-10', 2, 8, 4),
('Enferma', 'Fúngica', 'Escoba de bruja', 'Hongo que causa deformaciones en las ramas', '2024-09-20', '2024-09-30', 10, 5, 5),
('Enferma', 'Bacteriana', 'Rizobacteriosis', 'Bacteria que afecta las raíces', '2024-10-01', '2024-10-12', 12, 18, 6),
('Enferma', 'Fúngica', 'Podredumbre gris', 'Hongo que afecta frutos y ramas', '2024-10-05', '2024-10-15', 6, 25, 7),
('Enferma', 'Insecto', 'Cochinilla', 'Insecto que se alimenta de la savia', '2024-10-10', '2024-10-18', 4, 30, 8),
('Enferma', 'Insecto', 'Gusano barrenador', 'Insecto que perfora los tallos', '2024-10-15', '2024-10-22', 9, 10, 9),
('Enferma', 'Fúngica', 'Septoria', 'Hongo que causa manchas en las hojas', '2024-11-01', '2024-11-10', 7, 12, 10),
('Enferma', 'Virus', 'Panama Disease', 'Enfermedad causada por un hongo en las raíces', '2024-11-05', '2024-11-15', 11, 17, 11),
('Enferma', 'Bacteriana', 'Cáncer bacteriano', 'Bacteria que causa úlceras en el tronco', '2024-11-12', '2024-11-20', 1, 3, 12),
('Enferma', 'Fúngica', 'Oídio', 'Hongo que cubre las hojas con un polvo blanco', '2024-12-01', '2024-12-05', 15, 7, 13),
('Enferma', 'Fúngica', 'Tizón', 'Hongo que se desarrolla en condiciones húmedas', '2024-12-05', '2024-12-10', 14, 22, 14),
('Enferma', 'Virus', 'Yellowing', 'Enfermedad que causa amarillamiento en las hojas', '2024-12-10', '2024-12-15', 16, 9, 15),
('Enferma', 'Insecto', 'Ácaro', 'Insecto que debilita las hojas al alimentarse de ellas', '2024-12-12', '2024-12-18', 19, 14, 16),
('Enferma', 'Bacteriana', 'Mancha bacteriana', 'Bacteria que causa manchas necróticas en las hojas', '2024-12-15', '2024-12-20', 13, 21, 17),
('Enferma', 'Fúngica', 'Cenicilla', 'Hongo que afecta las hojas', '2025-01-05', '2025-01-10', 2, 5, 18),
('Enferma', 'Insecto', 'Saltamontes', 'Insecto que come las hojas', '2025-01-10', '2025-01-15', 17, 27, 19),
('Enferma', 'Bacteriana', 'Pudrición de la raíz', 'Bacteria que provoca la descomposición de las raíces', '2025-01-12', '2025-01-20', 18, 30, 20),
('Enferma', 'Fúngica', 'Moho', 'Hongo que causa un crecimiento de esporas en la superficie de las hojas', '2025-01-20', '2025-01-25', 20, 13, 21),
('Enferma', 'Virus', 'Chlorosis', 'Enfermedad que afecta la fotosíntesis de las plantas', '2025-02-01', '2025-02-05', 21, 9, 22);

-- Inserciones para la tabla cosecha con problema_cosecha como 'Sí' o 'No'
insert into cosecha (cantidad, unidad_de_medida, fecha_cosecha, problema_cosecha, descripcion_problema, id_empleado, id_herramienta, id_cultivo) values
(500, 'kilogramos', '2024-06-15', 0, NULL, 1, 1, 1),
(450, 'kilogramos', '2024-07-10', 0, NULL, 2, 2, 1),
(600, 'kilogramos', '2024-08-05', 1, 'Problema de plagas durante la cosecha', 3, 3, 1),
(550, 'kilogramos', '2024-09-01', 0, NULL, 4, 4, 1),
(700, 'kilogramos', '2024-09-15', 0, NULL, 5, 5, 1),
(430, 'kilogramos', '2024-10-01', 1, 'Condiciones climáticas desfavorables', 6, 6, 1),
(550, 'kilogramos', '2024-10-05', 0, NULL, 7, 7, 1),
(600, 'kilogramos', '2024-10-20', 1, 'Problemas de madurez prematura', 8, 8, 1),
(480, 'kilogramos', '2024-11-01', 0, NULL, 9, 9, 1),
(520, 'kilogramos', '2024-11-15', 1, 'Deficiencia de nutrientes en el suelo', 10, 10, 1),
(450, 'kilogramos', '2024-12-01', 0, NULL, 11, 11, 1),
(475, 'kilogramos', '2024-12-10', 1, 'Infección por hongos en algunas plantas', 12, 12, 1),
(520, 'kilogramos', '2024-12-20', 0, NULL, 13, 13, 1),
(430, 'kilogramos', '2025-01-05', 1, 'Falta de personal para cosecha', 14, 14, 1),
(500, 'kilogramos', '2025-01-10', 0, NULL, 15, 15, 1),
(450, 'kilogramos', '2025-01-15', 1, 'Plaga de insectos durante la cosecha', 16, 16, 1),
(550, 'kilogramos', '2025-02-01', 0, NULL, 17, 17, 1),
(600, 'kilogramos', '2025-02-05', 1, 'Problemas con el almacenamiento de la cosecha', 18, 18, 1),
(480, 'kilogramos', '2025-02-10', 0, NULL, 19, 19, 1),
(540, 'kilogramos', '2025-03-01', 1, 'Daños por lluvia excesiva durante la cosecha', 20, 20, 1),
(490, 'kilogramos', '2025-03-05', 0, NULL, 21, 21, 1),
(510, 'kilogramos', '2025-03-10', 1, 'Deficiencia en la cosecha por plagas', 22, 22, 1),
(600, 'kilogramos', '2025-04-01', 0, NULL, 23, 23, 1),
(530, 'kilogramos', '2025-04-05', 1, 'Problemas con el clima cálido', 24, 24, 1),
(520, 'kilogramos', '2025-04-15', 0, NULL, 25, 25, 1),
(510, 'kilogramos', '2025-05-01', 1, 'Recolección tardía debido a falta de equipo', 26, 26, 1),
(530, 'kilogramos', '2025-05-10', 0, NULL, 27, 27, 1),
(490, 'kilogramos', '2025-05-15', 1, 'Infección por hongos durante la cosecha', 28, 28, 1),
(540, 'kilogramos', '2025-06-01', 0, NULL, 29, 29, 1),
(550, 'kilogramos', '2025-06-05', 1, 'Problemas con la calidad de los frutos', 30, 30, 1),
(520, 'kilogramos', '2025-06-10', 0, NULL, 31, 31, 1),
(510, 'kilogramos', '2025-07-01', 1, 'Plagas afectando la cosecha', 32, 32, 1),
(500, 'kilogramos', '2025-07-05', 0, NULL, 33, 33, 1),
(480, 'kilogramos', '2025-07-10', 1, 'Problemas de almacenamiento por falta de espacio', 34, 34, 1),
(530, 'kilogramos', '2025-08-01', 0, NULL, 35, 35, 1),
(520, 'kilogramos', '2025-08-10', 1, 'Problemas con la recolección tardía', 36, 36, 1),
(540, 'kilogramos', '2025-09-01', 0, NULL, 37, 37, 1),
(500, 'kilogramos', '2025-09-05', 1, 'Daños por insectos en la cosecha', 38, 38, 1),
(460, 'kilogramos', '2025-09-10', 0, NULL, 39, 39, 1),
(490, 'kilogramos', '2025-10-01', 1, 'Condiciones climáticas desfavorables', 40, 40, 1),
(530, 'kilogramos', '2025-10-05', 0, NULL, 41, 41, 1),
(520, 'kilogramos', '2025-10-15', 1, 'Daños por plagas durante la cosecha', 42, 42, 1),
(540, 'kilogramos', '2025-11-01', 0, NULL, 43, 43, 1),
(550, 'kilogramos', '2025-11-05', 1, 'Problemas de almacenamiento debido a baja capacidad', 44, 44, 1),
(510, 'kilogramos', '2025-11-10', 0, NULL, 45, 45, 1),
(490, 'kilogramos', '2025-12-01', 1, 'Falta de personal para la cosecha', 46, 46, 1),
(520, 'kilogramos', '2025-12-05', 0, NULL, 47, 47, 1),
(540, 'kilogramos', '2025-12-10', 1, 'Daños por mal manejo durante la cosecha', 48, 48, 1),
(500, 'kilogramos', '2026-01-01', 0, NULL, 49, 49, 1),
(530, 'kilogramos', '2026-01-05', 1, 'Plaga afecta las plantas durante la cosecha', 50, 50, 1);

INSERT INTO daños (tipo, descripcion, costo_reparacion, fecha_daño, fecha_reparacion, fecha_reparacion_terminada, id_herramienta, id_maquina)
VALUES 
('Mecánico', 'Fallo en el motor principal', 450.00, '2024-01-15', '2024-01-17', '2024-01-20', 2, 3),
('Eléctrico', 'Cortocircuito en el panel de control', 300.50, '2024-02-01', '2024-02-03', '2024-02-05', 3, 5),
('Desgaste', 'Cuchilla de corte desgastada', 150.00, '2024-03-12', '2024-03-13', '2024-03-15', 1, NULL),
('Falla Hidráulica', 'Fuga en el sistema hidráulico', 500.00, '2024-04-05', '2024-04-07', '2024-04-10', NULL, 2),
('Rotura', 'Mango roto de la pala', 25.00, '2024-05-11', '2024-05-12', '2024-05-14', 6, NULL),
('Desgaste', 'Tubería oxidada', 200.00, '2024-06-01', '2024-06-02', '2024-06-04', NULL, 1),
('Mecánico', 'Correa rota del sistema de transmisión', 400.00, '2024-07-08', '2024-07-10', '2024-07-13', NULL, 4),
('Eléctrico', 'Batería descargada', 100.00, '2024-08-14', '2024-08-15', '2024-08-15', NULL, 7),
('Rotura', 'Hoja rota del arado', 150.00, '2024-09-01', '2024-09-02', '2024-09-04', 4, NULL),
('Mecánico', 'Fallo en el sistema de dirección', 350.00, '2024-10-15', '2024-10-16', '2024-10-20', NULL, 3),
('Eléctrico', 'Interruptor principal dañado', 250.00, '2024-11-01', '2024-11-03', '2024-11-05', NULL, 5),
('Falla Hidráulica', 'Pérdida de presión hidráulica', 600.00, '2024-11-20', '2024-11-22', '2024-11-25', NULL, 6),
('Rotura', 'Cable de tracción roto', 180.00, '2024-12-01', '2024-12-03', '2024-12-06', NULL, 2),
('Mecánico', 'Rodamiento desgastado', 90.00, '2025-01-10', '2025-01-11', '2025-01-14', NULL, 3),
('Eléctrico', 'Motor eléctrico quemado', 550.00, '2025-02-01', '2025-02-02', '2025-02-05', 8, 1),
('Falla Hidráulica', 'Fuga de aceite', 300.00, '2025-03-10', '2025-03-12', '2025-03-15', NULL, 4),
('Rotura', 'Filtro roto en la bomba', 120.00, '2025-04-08', '2025-04-09', '2025-04-11', NULL, 7),
('Mecánico', 'Engranaje desgastado', 450.00, '2025-05-05', '2025-05-07', '2025-05-09', NULL, 2),
('Eléctrico', 'Fallo en la placa de circuito', 350.00, '2025-06-15', '2025-06-17', '2025-06-20', NULL, 6),
('Rotura', 'Asa rota de la tijera de poda', 30.00, '2025-07-01', '2025-07-02', '2025-07-03', 3, NULL),
('Desgaste', 'Rueda desgastada del remolque', 200.00, '2025-08-05', '2025-08-06', '2025-08-08', NULL, 5),
('Falla Hidráulica', 'Pérdida de presión en el elevador', 750.00, '2025-09-12', '2025-09-14', '2025-09-17', NULL, 7),
('Mecánico', 'Fallo en el compresor', 520.00, '2025-10-18', '2025-10-19', '2025-10-22', NULL, 4),
('Eléctrico', 'Sensor de temperatura dañado', 400.00, '2025-11-08', '2025-11-09', '2025-11-11', NULL, 2),
('Rotura', 'Cuerda rota del mecanismo de tracción', 100.00, '2025-12-05', '2025-12-06', '2025-12-08', NULL, 6),
('Desgaste', 'Engranaje principal desgastado', 300.00, '2026-01-10', '2026-01-12', '2026-01-15', NULL, 1),
('Mecánico', 'Problema en la válvula de escape', 600.00, '2026-02-20', '2026-02-21', '2026-02-24', NULL, 5),
('Eléctrico', 'Fallo en el panel de mandos', 450.00, '2026-03-15', '2026-03-16', '2026-03-18', NULL, 3),
('Rotura', 'Cuchillas desalineadas en la máquina', 250.00, '2026-04-08', '2026-04-10', '2026-04-13', NULL, 7),
('Falla Hidráulica', 'Fuga de líquido hidráulico', 500.00, '2026-05-02', '2026-05-03', '2026-05-05', NULL, 4);
